NAME,STATUS,OBJECTIVE,VARIABLES,BINARIES,INTEGERS,CONTINUOUS,CONSTRAINTS,DENSITY,CONSTR.EMPTY,CONSTR.FREE,CONSTR.SINGLETON,CONSTR.AGGREGATION,CONSTR.PRECEDENCE,CONSTR.VARIABLE.BOUND,CONSTR.SET.PARTITIONING,CONSTR.SET.PACKING,CONSTR.SET.COVERING,CONSTR.BINPACKING,CONSTR.KNAPSACK,CONSTR.INTEGER.KNAPSACK,CONSTR.CARDINALITY,CONSTR.INVARIANT.KNAPSACK,CONSTR.EQUATION.KNAPSACK,CONSTR.MIXED.BINARY,CONSTR.GENERAL.LINEAR
22433,easy,21477,429,231,0,198,198,0.0401215,0,0,0,0,0,0,0,0,0,0,0,0,0,0,0,198,0
23588,easy,8089.999999999998,368,231,0,137,137,0.0734092,0,0,0,0,0,0,0,0,0,0,0,0,0,0,0,137,0
10teams,easy,923.9999999999997,2025,1800,0,225,230,0.026087,0,0,0,0,0,0,80,40,0,0,0,0,0,0,0,110,0
30n20b8,easy,302,18380,18318,62,0,576,0.0103624,0,0,0,0,60,0,30,0,0,0,0,0,0,0,0,0,486
a1c1s1,easy,11503.444125,3648,192,0,3456,3312,0.000842398,0,0,0,6,0,1968,0,0,0,0,0,0,0,0,0,1338,0
a2c1s1,easy,10889.137625,3648,192,0,3456,3312,0.000842398,0,0,0,6,0,1968,0,0,0,0,0,0,0,0,0,1338,0
acc-tight2,easy,0,1620,1620,0,0,2520,0.00375441,0,0,0,0,1296,0,252,162,0,0,0,0,27,783,0,0,0
acc-tight4,easy,0,1620,1620,0,0,3285,0.00320819,0,0,0,0,2025,0,261,162,9,0,0,0,36,783,0,9,0
acc-tight5,easy,0,1339,1339,0,0,3052,0.003948,0,0,0,3,1649,41,241,248,10,0,0,0,33,818,0,9,0
air03,easy,340160,10757,10757,0,0,124,0.0682436,0,0,0,2,0,0,122,0,0,0,0,0,0,0,0,0,0
air04,easy,56137,8904,8904,0,0,823,0.00995703,0,0,0,2,0,0,821,0,0,0,0,0,0,0,0,0,0
air05,easy,26374,7195,7195,0,0,426,0.0170048,0,0,0,0,0,0,426,0,0,0,0,0,0,0,0,0,0
aligninq,easy,2712.999999999999,1831,1830,0,1,340,0.0252739,0,0,0,0,0,0,0,0,0,0,12,0,0,263,0,65,0
app1-1,easy,-3,2480,1225,0,1255,4926,0.00149593,0,0,1,0,1225,0,0,0,25,0,0,0,0,0,0,3675,0
app3,easy,5751714.3289,3080,100,0,2980,766,0.00623368,0,0,0,0,0,80,0,5,0,0,0,0,0,0,0,681,0
assign1-5-8,easy,211.999999999998,156,130,0,26,161,0.148113,0,0,0,0,0,0,26,0,0,0,0,0,5,0,0,130,0
atlanta-ip,easy,90.009878614,48738,46667,106,1965,21732,0.000243144,1,0,176,573,0,2293,782,0,0,0,774,1,5540,2209,0,9202,181
b1c1s1,easy,24544.25,3872,288,0,3584,3904,0.000754683,0,0,0,16,0,2560,0,0,0,0,0,0,0,0,0,1328,0
b2c1s1,easy,25687.9,3872,288,0,3584,3904,0.000754683,0,0,0,16,0,2560,0,0,0,0,0,0,0,0,0,1328,0
b-ball,easy,-1.50000000000001,100,88,0,12,30,0.0696667,0,0,0,0,11,0,0,0,0,0,0,0,8,0,0,11,0
berlin_5_8_0,easy,62,1083,794,0,289,1532,0.00271644,0,0,1,0,476,0,0,0,309,0,0,0,0,0,0,746,0
biella1,easy,3065005.78,7328,6110,0,1218,1203,0.00810939,0,0,0,0,0,0,0,0,0,0,0,0,0,0,0,1203,0
binkar10_1,easy,6742.1998835,2298,170,0,2128,1026,0.0019069,0,0,0,200,0,0,0,0,0,0,0,0,0,0,0,826,0
bnatt400,easy,1,3600,3600,0,0,5614,0.00107361,0,0,1586,0,0,0,0,0,1614,0,0,0,0,400,0,2014,0
bppc4-08,easy,53,1456,1454,0,2,111,0.148277,0,0,0,0,0,0,20,0,0,0,0,0,0,0,0,91,0
bppc8-02,easy,506.9999999999998,232,229,1,2,59,0.3205,0,0,1,1,0,0,17,0,0,0,0,1,0,0,0,33,7
bppc8-09,easy,471.9999999999998,431,423,6,2,67,0.313433,0,0,0,0,0,0,12,0,0,0,0,6,0,0,0,25,30
buildingenergy,easy,33283.853236,154978,0,26287,128691,277594,1.83392e-05,0,0,1,2,42444,130038,0,0,0,0,0,0,0,0,0,52555,52554
chromaticindex1024-7,easy,4,73728,73728,0,0,67583,5.42519e-05,0,0,0,0,0,0,18431,49152,0,0,0,0,0,0,0,0,0
chromaticindex128-5,easy,4,9216,9216,0,0,8447,0.000433925,0,0,0,0,0,0,2303,6144,0,0,0,0,0,0,0,0,0
chromaticindex256-8,easy,4,18432,18432,0,0,16895,0.000216988,0,0,0,0,0,0,4607,12288,0,0,0,0,0,0,0,0,0
chromaticindex32-8,easy,4,2304,2304,0,0,2111,0.00173447,0,0,0,0,0,0,575,1536,0,0,0,0,0,0,0,0,0
chromaticindex512-7,easy,4,36864,36864,0,0,33791,0.000108501,0,0,0,0,0,0,9215,24576,0,0,0,0,0,0,0,0,0
cmflsp50-24-8-8,easy,55789389.886,16392,1392,0,15000,3520,0.00274909,0,0,0,0,1200,50,0,0,0,0,0,0,0,0,0,2270,0
CMS750_4,easy,252,11697,7196,0,4501,16381,0.000234348,0,0,1,0,7496,0,0,0,2438,0,0,0,0,0,0,6446,0
co-100,easy,2639942.06,48417,48417,0,0,2187,0.0188484,0,0,0,0,9,2,173,2,0,1989,11,0,0,1,0,0,0
cod105,easy,-12,1024,1024,0,0,1024,0.0546875,0,0,0,0,0,0,0,1024,0,0,0,0,0,0,0,0,0
core2536-691,easy,689,15293,15284,0,9,2539,0.00457749,0,0,5,0,0,4,0,0,2527,0,0,0,0,1,0,2,0
csched007,easy,350.9999999999955,1758,1457,0,301,351,0.0103378,0,0,1,2,50,0,50,0,0,0,0,0,0,0,0,248,0
csched008,easy,173,1536,1284,0,252,351,0.0105484,0,0,1,10,50,0,50,0,0,0,0,0,0,0,0,240,0
csched010,easy,407.999999999994,1758,1457,0,301,351,0.0103329,0,0,0,2,50,0,50,0,0,0,0,0,0,0,0,249,0
dano3_3,easy,576.34463303,13873,69,0,13804,3202,0.00179317,0,0,0,0,0,684,0,0,0,0,0,0,3,0,0,2515,0
dano3_5,easy,576.9249159565619,13873,115,0,13758,3202,0.00179317,0,0,0,0,0,684,0,0,0,0,0,0,5,0,0,2513,0
danoint,easy,65.6666666666,521,56,0,465,664,0.00934255,0,0,0,0,0,400,0,0,0,0,0,0,16,0,0,248,0
disctom,easy,-5000,10000,10000,0,0,399,0.0075188,0,0,2,2,0,0,1,0,0,0,0,0,394,0,0,0,0
drayage-100-12,easy,94941.5891075,11090,11025,0,65,4630,0.000809205,0,0,195,0,0,0,210,0,0,0,0,0,0,0,0,4225,0
drayage-100-23,easy,103333.87407,11090,11025,0,65,4630,0.000809205,0,0,195,0,0,0,210,0,0,0,0,0,0,0,0,4225,0
drayage-25-23,easy,101282.647018,11090,11025,0,65,4630,0.000809205,0,0,195,0,0,0,210,0,0,0,0,0,0,0,0,4225,0
drayage-25-27,easy,102183.505325,11090,11025,0,65,4630,0.000809205,0,0,195,0,0,0,210,0,0,0,0,0,0,0,0,4225,0
drayage-25-32,easy,91395.84915,11090,11025,0,65,4630,0.000809205,0,0,195,0,0,0,210,0,0,0,0,0,0,0,0,4225,0
dsbmip,easy,-305.19817501,1886,192,0,1694,1182,0.00330425,0,0,0,24,0,521,40,0,0,0,0,0,0,0,0,648,0
eil33-2,easy,934.007915999999,4516,4516,0,0,32,0.306155,0,0,0,0,0,0,32,0,0,0,0,0,0,0,0,0,0
eilA101-2,easy,880.9201079999999,65832,65832,0,0,100,0.14573,0,0,0,0,0,0,100,0,0,0,0,0,0,0,0,0,0
eilC76-2,easy,762.514781999996,28599,28599,0,0,75,0.146782,0,0,0,0,0,0,75,0,0,0,0,0,0,0,0,0,0
enlight_hard,easy,37,200,100,100,0,100,0.028,0,0,0,0,0,0,0,0,0,0,0,0,0,0,0,0,100
enlight8,easy,27,128,64,64,0,64,0.0429688,0,0,0,0,0,0,0,0,0,0,0,0,0,0,0,0,64
ex10,easy,100,17680,0,17680,0,69608,0.000944202,0,0,608,0,2224,0,0,0,0,0,0,200,0,0,0,0,66776
ex9,easy,81,10404,0,10404,0,40962,0.0012134,0,0,1120,0,1152,0,0,0,0,0,0,162,0,0,0,0,38690
exp-1-500-5-5,easy,65887,990,250,0,740,550,0.00363636,0,0,0,0,0,250,0,50,0,0,0,0,0,0,0,250,0
f2gap201600,easy,76453,1600,1600,0,0,20,0.1,0,0,0,0,0,0,0,0,0,0,20,0,0,0,0,0,0
f2gap401600,easy,82306.9999999945,1600,1600,0,0,40,0.05,0,0,0,0,0,0,0,0,0,0,40,0,0,0,0,0,0
f2gap40400,easy,20771.99999999983,400,400,0,0,40,0.05,0,0,0,0,0,0,0,0,0,0,40,0,0,0,0,0,0
f2gap801600,easy,86678.999982707,1600,1600,0,0,80,0.025,0,0,0,0,0,0,0,0,0,0,80,0,0,0,0,0,0
fast0507,easy,174,63009,63009,0,0,507,0.012814,0,0,8,0,0,3,0,0,496,0,0,0,0,0,0,0,0
flugpl,easy,1201500,18,0,11,7,18,0.141975,0,0,1,0,0,6,0,0,0,0,0,0,0,0,0,0,11
gen-ip002,easy,-4783.733392,41,0,41,0,24,0.936992,0,0,0,0,0,0,0,0,0,0,0,0,0,0,0,0,24
gen-ip016,easy,-9476.155197,28,0,28,0,24,1,0,0,0,0,0,0,0,0,0,0,0,0,0,0,0,0,24
gen-ip021,easy,2361.45419519,35,0,35,0,28,0.964286,0,0,0,0,0,0,0,0,0,0,0,0,0,0,0,0,28
gen-ip036,easy,-4606.67961,29,0,29,0,46,0.976762,0,0,0,0,0,0,0,0,0,0,0,0,0,0,0,0,46
gen-ip054,easy,6840.96564179,30,0,30,0,27,0.65679,0,0,0,0,0,1,0,0,0,0,0,0,0,0,0,0,26
glass4,easy,1200012599.972384,322,302,0,20,396,0.014234,0,0,0,0,9,0,36,0,0,0,0,0,0,0,0,351,0
glass-sc,easy,23,214,214,0,0,6119,0.0488123,0,0,0,0,0,0,0,0,6119,0,0,0,0,0,0,0,0
gmu-35-40,easy,-2406733.3688,1205,1200,0,5,424,0.00947898,0,0,0,0,0,32,0,379,0,0,0,0,0,0,0,13,0
gmu-35-50,easy,-2607958.33,1919,1914,0,5,435,0.0103538,0,0,0,0,0,16,0,406,0,0,0,0,0,0,0,13,0
gr4x6,easy,202.3499999999979,48,24,0,24,34,0.0588235,0,0,0,0,0,24,0,0,0,0,0,0,0,0,0,10,0
graphdraw-domain,easy,19685.99997550038,254,180,20,54,865,0.0118338,0,0,0,0,0,57,45,0,0,0,0,0,0,480,0,35,248
graphdraw-gemcutter,easy,7118.5,166,112,16,38,474,0.0180469,0,0,0,0,0,43,28,0,0,0,0,0,0,224,0,23,156
gsvm2rl3,easy,0.33652753,241,60,0,181,180,0.0926694,0,0,0,0,60,60,0,0,0,0,0,0,0,0,0,60,0
gt2,easy,21165.99999999978,188,24,164,0,29,0.0689655,0,0,0,0,0,0,0,2,0,0,0,15,0,0,0,0,12
hypothyroid-k1,easy,-2851,2602,2601,1,0,5195,0.0320982,0,0,0,2,2,0,0,0,0,2595,2592,0,0,3,0,0,1
ic97_potential,easy,3941.99993090225,728,450,73,205,1046,0.00412088,0,0,0,0,0,0,0,0,0,0,0,0,0,0,0,900,146
ic97_tension,easy,3942,703,176,4,523,319,0.00923048,0,0,0,0,0,0,0,0,0,0,0,0,0,0,0,315,4
icir97_tension,easy,6375,2494,262,573,1659,1203,0.00744363,0,0,0,0,0,0,0,0,0,0,0,0,0,0,0,630,573
iis-glass-cov,easy,20.99999999999999,214,214,0,0,5375,0.0488007,0,0,0,0,0,0,0,0,5375,0,0,0,0,0,0,0,0
iis-hc-cov,easy,17,297,297,0,0,9727,0.0494894,0,0,0,0,0,0,0,0,9727,0,0,0,0,0,0,0,0
irish-electricity,easy,3723497.591396,61728,9888,0,51840,104259,8.13054e-05,0,0,16041,0,5216,20624,0,0,9114,279,0,0,4,0,0,52981,0
irp,easy,12159.49283539698,20315,20315,0,0,39,0.124013,0,0,0,0,0,0,39,0,0,0,0,0,0,0,0,0,0
istanbul-no-cutoff,easy,204.08170701,5282,30,0,5252,20346,0.000665103,0,0,144,5,0,0,0,0,0,0,1,0,0,0,0,20196,0
k1mushroom,easy,-3288,8211,8210,1,0,16419,0.0125945,0,0,0,0,0,0,0,0,0,8209,8123,0,0,86,0,0,1
khb05250,easy,106940225.9999999,1350,24,0,1326,101,0.019802,0,0,0,0,0,24,0,0,0,0,0,0,0,0,0,77,0
l2p12,easy,5,11786,10906,590,290,21315,0.000237359,0,0,0,994,3463,659,125,16,0,0,0,0,3148,145,0,0,12765
lectsched-4-obj,easy,4,7901,7665,236,0,14163,0.00073661,0,0,894,2,35,60,0,0,0,0,0,1336,0,0,0,0,11836
lectsched-5-obj,easy,24,21805,21389,416,0,38884,0.000282601,0,0,1728,3,60,102,0,0,0,0,0,2358,0,0,0,0,34633
leo1,easy,404227536.16,6731,6730,0,1,593,0.0328745,0,0,3,0,0,26,0,408,16,0,0,0,0,0,0,140,0
leo2,easy,404077441.12,11100,11099,0,1,593,0.0334167,0,0,0,0,0,9,0,428,9,0,0,0,0,0,0,147,0
loopha13,easy,6.40233,19356,18150,0,1206,23758,9.09168e-05,0,0,14060,771,991,99,0,0,0,0,0,0,0,1190,0,6647,0
mad,easy,0.0268,220,200,0,20,51,0.250267,0,0,0,0,0,0,20,1,0,0,0,0,0,9,0,21,0
manna81,easy,-13164,3321,18,3303,0,6480,0.000602228,0,0,0,0,0,6480,0,0,0,0,0,0,0,0,0,0,0
map06,easy,-289,164547,146,0,164401,328818,1.01637e-05,0,0,118493,0,36827,164400,0,0,0,0,1,0,0,0,0,9097,0
map10,easy,-495,164547,146,0,164401,328818,1.01637e-05,0,0,118493,0,36827,164400,0,0,0,0,1,0,0,0,0,9097,0
map14860-20,easy,-922,164547,146,0,164401,328818,1.01637e-05,0,0,118493,0,36827,164400,0,0,0,0,1,0,0,0,0,9097,0
map16715-04,easy,-111,164547,146,0,164401,328818,1.01637e-05,0,0,118493,0,36827,164400,0,0,0,0,1,0,0,0,0,9097,0
map18,easy,-847,164547,146,0,164401,328818,1.01637e-05,0,0,118493,0,36827,164400,0,0,0,0,1,0,0,0,0,9097,0
markshare_4_0,easy,1,34,30,0,4,4,0.904412,0,0,0,0,0,0,0,0,0,0,0,0,0,0,0,4,0
markshare_5_0,easy,1,45,40,0,5,5,0.902222,0,0,0,0,0,0,0,0,0,0,0,0,0,0,0,5,0
markshare1,easy,0.9999999999990905,62,50,0,12,6,0.83871,0,0,0,0,0,0,0,0,0,0,0,0,0,0,0,6,0
mas74,easy,11801.18572,151,150,0,1,13,0.869078,0,0,0,0,0,0,0,0,0,0,0,0,0,1,0,12,0
mas76,easy,40005.05398999999,151,150,0,1,12,0.905077,0,0,0,0,0,0,0,0,0,0,0,0,0,1,0,11,0
mik-250-20-75-1,easy,-49716,270,75,175,20,195,0.176068,0,0,120,0,0,0,0,0,0,0,0,0,0,0,0,0,75
mik-250-20-75-2,easy,-50768.00000000001,270,75,175,20,195,0.176068,0,0,120,0,0,0,0,0,0,0,0,0,0,0,0,0,75
mik-250-20-75-3,easy,-52242,270,75,175,20,195,0.176068,0,0,120,0,0,0,0,0,0,0,0,0,0,0,0,0,75
mik-250-20-75-4,easy,-52301,270,75,175,20,195,0.176068,0,0,120,0,0,0,0,0,0,0,0,0,0,0,0,0,75
mik-250-20-75-5,easy,-51532,270,75,175,20,195,0.176068,0,0,120,0,0,0,0,0,0,0,0,0,0,0,0,0,75
mine-166-5,easy,-566395707.9,830,830,0,0,8429,0.0027747,0,0,0,0,8419,0,0,0,0,0,10,0,0,0,0,0,0
mine-90-10,easy,-784302337.6332,900,900,0,0,6270,0.00273029,0,0,0,0,6250,0,0,0,0,0,20,0,0,0,0,0,0
misc07,easy,2810,260,259,0,1,212,0.156368,0,0,0,0,0,0,7,3,127,2,0,0,27,45,0,1,0
mod010,easy,6548,2655,2655,0,0,146,0.0289013,0,0,0,0,0,0,144,0,0,1,0,0,1,0,0,0,0
momentum1,easy,109143.4935,5174,2349,0,2825,42680,0.000467295,0,0,52,6,2445,33111,92,0,0,0,0,0,0,38,0,6936,0
mushroom-best,easy,0.0553337612,8468,8237,118,113,8580,0.00259767,0,0,0,0,0,452,0,0,0,0,0,0,0,0,0,0,8128
mzzv11,easy,-21718,10240,9989,251,0,9499,0.00138381,0,0,0,0,0,129,1073,5755,28,0,1,0,2208,5,0,1,299
mzzv42z,easy,-20540,11717,11482,235,0,10460,0.00123418,0,0,0,0,4,82,2157,5680,0,0,0,0,2262,0,0,0,275
n2seq36q,easy,52200,22480,22480,0,0,2565,0.00317878,0,0,0,0,0,0,0,285,1832,0,0,0,0,0,0,448,0
n3seq24,easy,52200,119856,119856,0,0,6044,0.00446203,0,0,0,0,0,0,0,4484,1112,0,0,0,0,0,0,448,0
neos-1067731,easy,1025102,8779,6330,0,2449,3423,0.00103153,0,0,0,70,0,0,1002,0,0,0,0,0,0,0,0,2351,0
neos-1122047,easy,161,5100,100,0,5000,57791,0.000555212,0,0,0,0,9830,0,0,0,0,0,0,0,0,0,0,47961,0
neos-1171448,easy,-309,4914,2457,0,2457,13206,0.0020319,0,0,0,0,0,7434,0,0,0,0,0,0,0,630,0,5142,0
neos-1171737,easy,-195,2340,1170,0,1170,4179,0.00599456,0,0,0,0,0,1320,0,390,0,0,0,0,0,0,0,2469,0
neos-1223462,easy,-751.0000000645,5495,5180,315,0,5890,0.0014534,0,0,0,0,0,760,54,2655,0,0,335,0,50,916,0,875,280
neos-1367061,easy,31320456.264,36600,625,350,35625,102750,6.92035e-05,0,0,0,0,0,101250,0,0,0,0,0,0,0,0,0,625,875
neos-1396125,easy,3000.0453373,1161,129,0,1032,1494,0.00317722,0,0,0,0,90,774,3,6,0,0,3,0,18,3,0,597,0
neos-1445532,easy,-17041,14406,1999,0,12407,1924,0.00100068,0,0,0,127,0,0,0,0,0,0,0,0,0,1,0,1796,0
neos-1445738,easy,-17380,20631,2150,0,18481,2145,0.000909668,0,0,0,14,0,0,0,0,0,0,0,0,0,1,0,2130,0
neos-1445743,easy,-17905,20344,2150,0,18194,2148,0.000908146,0,0,0,19,0,0,0,0,0,0,0,0,0,1,0,2128,0
neos-1445765,easy,-17783,20617,2150,0,18467,2147,0.000908851,0,0,0,23,0,0,0,0,0,0,0,0,0,1,0,2123,0
neos16,easy,446,377,336,41,0,1018,0.00729834,0,0,0,0,0,336,0,0,0,0,0,9,0,0,0,0,682
neos-1601936,easy,2.99999999999894,4446,3906,0,540,3131,0.00520817,0,0,0,0,0,0,579,0,5,0,0,0,0,0,0,2547,0
neos-1605061,easy,11.99999999556169,4111,3570,0,541,3474,0.00654569,0,0,0,0,0,0,563,0,5,0,0,0,0,0,0,2906,0
neos17,easy,0.1500025774,535,300,0,235,486,0.0189647,0,0,0,0,0,0,0,0,0,0,0,0,0,0,0,486,0
neos-2987310-joes,easy,-607702988.3,27837,3051,0,24786,29015,0.000718457,0,0,0,0,2825,0,0,0,0,0,0,0,0,0,0,26190,0
neos-3046601-motu,easy,1459,308,272,17,19,563,0.00824664,0,0,0,272,0,17,0,0,0,0,0,0,0,0,0,1,273
neos-3046615-murg,easy,1600,274,240,16,18,498,0.00927799,0,0,0,240,0,16,0,0,0,0,0,0,0,0,0,1,241
neos-3072252-nete,easy,11807698,576,144,0,432,432,0.00519226,0,0,0,0,0,288,0,0,0,0,0,0,0,1,0,143,0
neos-3216931-puriri,easy,71320,3555,3268,0,287,5989,0.00430658,0,0,0,3,0,1616,137,1046,0,351,16,0,216,2381,0,223,0
neos-3354841-apure,easy,48800,100000,0,100000,0,169,0.319118,0,0,0,0,0,0,0,0,0,0,0,1,0,0,0,0,169
neos-3402294-bobin,easy,0.06724999999999949,2904,2616,0,288,591076,0.0011855,0,0,0,0,24024,0,64,0,34620,0,0,0,0,532224,0,144,0
neos-3437289-erdre,easy,0,12162,12162,0,0,7358,0.00167459,0,0,0,0,0,0,24,2018,0,0,0,0,3306,140,0,1870,0
neos-3555904-turama,easy,-34.7,37461,37461,0,0,146493,0.000144613,0,0,562,1,24986,25781,1,14343,0,0,0,0,1,80818,0,0,0
neos-3610040-iskar,easy,37,430,85,0,345,335,0.0071017,0,0,0,0,65,0,0,0,0,0,0,0,0,0,0,270,0
neos-3610051-istra,easy,49,805,76,0,729,709,0.00350244,0,0,0,0,202,0,0,0,0,0,0,0,0,0,0,507,0
neos-3610173-itata,easy,147.99999986,844,77,0,767,747,0.00337844,0,0,0,0,186,0,0,0,0,0,0,0,0,0,0,561,0
neos-3611447-jijia,easy,107,472,85,0,387,377,0.00643461,0,0,0,0,69,0,0,0,0,0,0,0,0,0,0,308,0
neos-3611689-kaihu,easy,119,421,88,0,333,323,0.00745681,0,0,0,0,41,0,0,0,0,0,0,0,0,0,0,282,0
neos-3660371-kurow,easy,2270.85,4722,144,0,4578,4758,0.000574703,0,0,0,12,1800,0,24,0,0,0,0,0,0,6,0,2916,0
neos-3665875-lesum,easy,3274.81,3128,320,0,2808,3184,0.00106832,0,0,0,0,0,0,0,0,40,0,0,0,0,8,0,3136,0
neos-3755335-nizao,easy,50.0301565326,40938,5226,0,35712,111026,0.000120522,0,0,0,0,96,71424,230,54,0,12,6,0,0,282,0,38922,0
neos-3759587-noosa,easy,48.334467769,27029,4289,0,22740,72104,0.000163256,0,0,0,0,60,45480,224,44,0,4,8,0,0,212,0,26072,0
neos-4260495-otere,easy,5290,176048,168745,22,7281,295357,1.35197e-05,0,0,0,123,199688,5297,2607,0,82195,4,22,0,126,0,0,5217,78
neos-4306827-ravan,easy,10186.57303874958,162291,155368,285,6638,261877,1.50463e-05,0,0,0,817,172083,6082,2853,36,74411,256,59,36,99,0,0,4758,387
neos-4332801-seret,easy,279835.50495,20682487,20677405,20,5062,19912111,1.1537e-07,0,0,0,6531937,232040,12944097,2607,0,74685,61128,62004,0,99,0,0,3442,72
neos-4332810-sesia,easy,21849.762376,20682487,20677405,20,5062,19912111,1.1537e-07,0,0,0,6531937,232040,12944097,2607,0,74685,61128,62004,0,99,0,0,3442,72
neos-4333464-siret,easy,24.78581995155556,2731,1363,0,1368,2880,0.00352308,0,0,0,0,0,1363,0,0,0,1360,0,0,0,0,0,157,0
neos-4333596-skien,easy,-14610731.01,1005,460,0,545,812,0.0071208,0,0,0,40,1,159,5,0,0,0,0,0,21,0,0,586,0
neos-4359986-taipa,easy,69.79999999999997,25130,25095,0,35,48864,0.000103067,0,0,0,1,24412,24378,39,0,0,0,0,0,0,0,0,34,0
neos-4391920-timok,easy,0.00545540819999822,93846,93786,0,60,184575,3.38212e-05,0,0,0,1,92226,92171,62,0,0,0,0,0,0,0,0,115,0
neos-4393408-tinui,easy,375.49807237,4004,2000,0,2004,4554,0.00128857,0,0,0,0,0,2000,0,0,0,2000,0,0,0,0,0,554,0
neos-4413714-turia,easy,45.3701670199998,190402,190201,0,201,2303,0.0017372,0,0,0,0,0,0,950,0,0,200,0,0,0,0,0,1153,0
neos-4532248-waihi,easy,61.59999999999999,86842,86841,0,1,167322,3.6154e-05,0,0,0,2,83230,0,154,0,0,144,0,0,417,0,0,83375,0
neos-4650160-yukon,easy,59.88499998695507,1412,624,0,788,1969,0.00230772,0,0,0,160,304,754,0,0,96,0,0,0,156,0,0,499,0
neos-4722843-widden,easy,25009.662227,77723,73349,20,4354,113555,3.52974e-05,0,0,0,95,71168,2779,2603,0,34051,8,12,0,93,0,0,2674,72
neos-4724674-aorere,easy,8609.1960886,94145,87022,22,7101,137123,2.9186e-05,0,0,0,90,84898,4759,2618,0,39939,10,12,0,73,2,0,4641,81
neos-4760493-puerua,easy,2665.4577364,53593,53592,0,1,106954,4.65467e-05,0,0,231,0,53361,53130,231,0,0,0,0,0,1,0,0,0,0
neos-4763324-toguru,easy,1613.03884585,53593,53592,0,1,106954,4.65467e-05,0,0,231,0,53361,53130,231,0,0,0,0,0,1,0,0,0,0
neos-4805882-barwon,easy,3010,22229,15809,18,6402,49386,0.000106578,0,0,0,91,28772,5160,204,0,9712,12,16,0,243,1,0,5087,88
neos-480878,easy,492.5144492879,534,189,0,345,1321,0.0628992,0,0,0,0,0,253,12,12,0,0,10,0,0,2,0,1032,0
neos-4966258-blicks,easy,556,196788,6708,0,190080,270816,1.82965e-05,0,0,0,18894,0,188028,27,0,0,0,0,0,843,0,0,63024,0
neos-4972437-bojana,easy,427,293268,8148,0,285120,408192,1.45886e-05,0,0,0,28140,0,281316,42,0,0,0,0,0,1266,1224,0,96204,0
neos-4972461-bolong,easy,534,245028,7428,0,237600,341424,1.74124e-05,0,0,0,16750,0,234672,25,0,0,0,0,0,1165,1140,0,87672,0
neos-4976951-bunnoo,easy,454,293268,8148,0,285120,408336,1.45859e-05,0,0,0,20100,0,281316,30,0,0,0,0,0,1398,1368,0,104124,0
neos-498623,easy,16.6,9861,8500,0,1361,2047,0.00735351,0,0,0,4,0,5,57,1085,0,0,0,0,0,0,0,896,0
neos5,easy,15,63,53,0,10,63,0.507937,0,0,0,0,0,0,0,0,0,0,0,0,0,0,0,63,0
neos-5013590-toitoi,easy,3772.4527499,27061,27060,0,1,53957,9.21014e-05,0,0,164,0,26896,26732,164,0,0,0,0,0,1,0,0,0,0
neos-503737,easy,50,2850,2500,0,350,500,0.0118246,0,0,0,0,0,0,150,0,0,0,0,0,0,0,0,350,0
neos-5049753-cuanza,easy,561.9999971689,242736,8304,0,234432,322248,1.84179e-05,0,0,0,0,0,233928,0,0,0,0,0,0,1152,1152,0,86016,0
neos-5052403-cygnet,easy,182,32868,32868,0,0,38268,0.00389437,0,0,0,0,0,0,0,0,19134,0,0,0,0,19134,0,0,0
neos-5078479-escaut,easy,9682.338178668055,3471,1330,0,2141,3442,0.000758505,0,0,0,37,0,2162,0,0,0,0,0,0,0,0,0,1243,0
neos-5100895-inster,easy,3132,29400,56,0,29344,39760,0.000592986,0,0,0,29344,0,0,0,0,0,0,0,0,0,0,0,10416,0
neos-5106984-jizera,easy,821,470050,11410,0,458640,648984,9.1678e-06,0,0,0,44160,0,453166,40,0,0,0,0,0,1440,1400,0,148778,0
neos-5107597-kakapo,easy,3644.99999999952,3114,2976,0,138,6498,0.00095835,0,0,0,57,45,0,0,0,0,0,0,0,0,0,0,6396,0
neos-5108386-kalang,easy,729.9999999999998,600880,12292,0,588588,849226,7.02745e-06,0,0,0,38640,0,579488,35,0,0,0,0,0,2289,2254,0,226520,0
neos-5116085-kenana,easy,602,509236,12376,0,496860,690242,8.62824e-06,0,0,0,0,0,492898,0,0,0,0,0,0,1960,1960,0,193424,0
neos-5118834-korana,easy,757,470050,11410,0,458640,649124,9.16674e-06,0,0,0,38640,0,453236,35,0,0,0,0,0,1505,1470,0,154238,0
neos-5118851-kowhai,easy,1376,613152,14112,0,599040,859504,6.91446e-06,0,0,0,60984,0,592144,36,0,0,0,0,0,1508,1472,0,203360,0
neos-5123665-limmat,easy,730,655522,13426,0,642096,904358,6.59805e-06,0,0,0,46368,0,633584,42,0,0,0,0,0,2198,2156,0,220010,0
neos-5138690-middle,easy,739,562786,12418,0,550368,776608,7.67385e-06,0,0,0,52992,0,543410,48,0,0,0,0,0,1728,1680,0,176750,0
neos-5140963-mincio,easy,14393,196,183,0,13,184,0.0231256,0,0,0,0,0,0,28,0,0,0,0,0,0,0,0,156,0
neos-5149806-wieprz,easy,21,33753,33750,3,0,65380,0.000227703,0,0,0,0,3375,50625,0,3375,5,0,0,0,0,0,0,8000,0
neos-5178119-nalagi,easy,22.73999999763,4167,4068,0,99,6921,0.0025824,0,0,0,0,14,0,66,18,0,0,0,0,16,60,0,6747,0
neos-5182409-nasivi,easy,301.99999992,2005,1600,0,405,580,0.012799,0,0,0,80,4,0,20,80,0,0,0,0,0,76,0,320,0
neos-5192052-neckar,easy,-11670000,180,24,0,156,57,0.0531189,0,0,0,0,0,0,0,0,0,0,0,0,0,1,0,56,0
neos-5193246-nerang,easy,0.03821976217279999,14546,9792,0,4754,42256,0.000286004,0,0,0,2502,4752,19008,62,0,0,0,2,0,3126,3168,0,9636,0
neos-5195221-niemur,easy,0.0038354326,14546,9792,0,4754,42256,0.000287293,0,0,0,2502,4752,19008,62,0,0,0,2,0,3126,3168,0,9636,0
neos6,easy,83,8786,8340,0,446,1036,0.0276794,0,0,0,0,0,0,0,550,48,0,10,0,0,30,0,398,0
neos-631517,easy,11490666.665,1090,859,0,231,351,0.00716955,0,0,0,7,0,0,160,0,0,0,0,0,0,0,0,184,0
neos-631710,easy,203,167056,167056,0,0,169576,2.9446e-05,0,0,0,0,167055,0,300,1665,0,556,0,0,0,0,0,0,0
neos-633273,easy,6996841097.99778,11154,11154,0,0,21781,0.000263063,0,0,0,10648,0,0,484,0,0,0,0,0,1,10648,0,0,0
neos-662469,easy,184379.9999999999,18235,17907,328,0,1085,0.0101115,0,0,0,0,0,12,0,265,0,0,0,328,0,77,0,75,656
neos-686190,easy,6730,3660,3600,60,0,3664,0.0013486,0,0,0,0,59,2,120,0,60,0,0,0,0,0,0,0,3423
neos-691058,easy,296.999999999986,3006,1755,0,1251,2667,0.00384645,0,0,0,0,0,0,450,0,0,0,0,0,12,0,0,2205,0
neos-738098,easy,-1099,9093,8946,0,147,25849,0.000431237,0,0,0,0,10675,2403,330,1410,0,5292,0,0,11,5562,9,157,0
neos-780889,easy,3421500,182700,182700,0,0,73910,3.68212e-05,0,0,0,26600,0,0,579,0,0,0,0,0,46381,0,0,350,0
neos8,easy,-3719,23228,23224,4,0,46324,0.000291056,0,0,0,0,56,168,0,4,0,0,2268,0,12,20748,0,23064,4
neos-807639,easy,454.1999999999998,1030,80,0,950,1541,0.00347776,0,0,0,170,0,180,0,20,0,0,0,0,0,0,0,1171,0
neos-820879,easy,25467.99999999995,9522,9522,0,0,361,0.0210494,0,0,0,0,0,0,72,0,133,0,2,0,138,0,0,16,0
neos-831188,easy,2.613774619999999,4612,4612,0,0,2185,0.00111697,0,0,0,20,1058,0,1038,0,0,0,0,0,68,1,0,0,0
neos-848589,easy,2351.40309999697,550539,747,0,549792,1484,0.00134771,0,0,0,0,0,0,0,0,0,0,0,0,1,0,0,1483,0
neos-850681,easy,2472,2594,2479,16,99,2067,0.00692175,0,0,0,90,0,1,354,1003,0,0,0,0,0,504,0,99,16
neos-860300,easy,3200.999999999998,1385,1384,0,1,850,0.326463,0,0,0,0,0,0,19,16,0,0,0,0,0,304,0,511,0
neos-885086,easy,-243,4860,2430,0,2430,11574,0.00441443,0,0,0,0,0,2475,0,855,0,0,0,0,0,0,0,8244,0
neos-885524,easy,12320.092,91670,91670,0,0,65,0.043351,0,0,0,0,0,0,0,0,0,0,0,0,0,0,0,65,0
neos-911970,easy,54.76,888,840,0,48,107,0.0358676,0,0,0,0,0,0,35,0,24,0,0,0,0,0,0,48,0
neos-933562,easy,17.99999999999975,3032,3024,0,8,3200,0.00296834,0,0,0,1512,0,0,1056,56,0,0,0,0,0,0,0,576,0
neos-933638,easy,275.9999999999998,32417,28637,0,3780,13658,0.00042275,0,0,0,0,4984,19,0,5357,0,0,0,0,0,55,0,3243,0
neos-933966,easy,318,31762,27982,0,3780,12047,0.000472035,0,0,0,0,3674,142,0,4933,0,0,0,0,0,55,0,3243,0
neos-935234,easy,2431.999999999996,10309,7530,0,2779,9568,0.00056035,0,0,0,0,4680,0,0,4079,0,0,0,0,0,52,0,757,0
neos-948346,easy,-227.6,57855,57855,0,0,1570,0.0059499,0,0,0,0,0,0,0,645,45,186,120,0,0,274,0,300,0
neos-950242,easy,4,5760,5520,240,0,34224,0.000528382,0,0,0,1248,2304,312,144,0,24,0,0,0,0,29952,0,0,240
neos-956971,easy,-237.7688889,57756,57756,0,0,2527,0.0033132,0,0,0,0,0,0,0,1893,0,137,0,0,0,377,0,120,0
neos-957143,easy,-237.7688889,57756,57756,0,0,2767,0.00311416,0,0,0,0,0,0,0,2013,0,257,0,0,0,377,0,120,0
neos-957323,easy,-237.7566815,57756,57756,0,0,3757,0.00230268,0,0,0,0,0,990,0,2013,0,257,0,0,0,377,0,120,0
neos-960392,easy,-238,59376,59376,0,0,4744,0.00067276,0,0,0,0,171,279,0,1958,0,256,0,0,1575,384,0,121,0
neos-983171,easy,2360,8965,6557,0,2408,6711,0.000609849,0,0,0,0,3440,244,0,2062,0,0,0,0,0,54,0,911,0
netdiversion,easy,242,129180,129180,0,0,119589,3.98279e-05,0,0,0,0,103,303,1,59597,39586,0,0,0,19999,0,0,0,0
nexp-150-20-8-5,easy,231,20115,17880,0,2235,4620,0.00045695,0,0,0,0,0,0,0,2235,0,0,0,0,0,0,0,2385,0
nh97_potential,easy,1418,1180,630,328,222,1916,0.00254237,0,0,0,0,0,0,0,0,0,0,0,0,0,0,0,1260,656
nh97_tension,easy,1418,1576,257,361,958,737,0.00453202,0,0,0,0,0,0,0,0,0,0,0,0,0,0,0,376,361
noswot,easy,-41.00000885,128,75,25,28,182,0.0315505,0,0,0,0,0,45,0,0,0,0,0,6,0,0,0,0,131
ns1208400,easy,2,2883,2880,0,3,4289,0.00661098,2304,0,1,0,0,229,336,0,492,0,0,0,0,396,0,531,0
ns1644855,easy,-1524.33333333333,30200,10000,0,20200,40698,0.0017173,0,0,20100,0,99,10199,200,0,0,0,0,0,0,0,0,20100,0
ns1760995,easy,-549.21438505,17956,17822,0,134,615388,0.000167785,0,0,66,0,198,597303,132,17556,0,0,0,0,1,0,0,132,0
ns1830653,easy,20622,1629,1458,0,171,2932,0.0211324,0,0,781,0,0,0,324,135,0,0,0,0,36,0,0,1656,0
ns2071214,easy,507,2720,2220,0,500,6250,0.00126318,1,0,0,0,195,2940,344,50,211,0,0,0,157,0,0,2352,0
nsrand-ipx,easy,51200,6621,6620,0,1,735,0.0458777,0,0,0,0,0,0,0,331,0,0,0,0,0,0,0,404,0
nursesched-sprint02,easy,57.99999999999999,10250,10230,20,0,3522,0.00565089,0,0,10,0,0,0,632,1410,320,0,0,0,360,690,0,80,20
nursesched-sprint-hidden09,easy,338,11650,11630,20,0,4872,0.00366551,0,0,10,0,0,0,604,1410,320,0,0,0,388,2040,0,80,20
nw04,easy,16862,87482,87482,0,0,36,0.202158,0,0,0,0,0,0,36,0,0,0,0,0,0,0,0,0,0
opm2-z6-s1,easy,-6202,1350,1350,0,0,15533,0.00199546,0,0,0,0,15525,0,0,0,0,0,8,0,0,0,0,0,0
opm2-z7-s8,easy,-11242,2023,2023,0,0,31798,0.00123985,0,0,0,0,31790,0,0,0,0,0,8,0,0,0,0,0,0
opm2-z8-s0,easy,-15775,3200,3200,0,0,63608,0.000750657,0,0,0,0,63600,0,0,0,0,0,8,0,0,0,0,0,0
opt1217,easy,-16.00000000000012,769,768,0,1,64,0.0313313,0,0,0,0,0,0,48,0,0,0,0,0,0,0,0,16,0
p0201,easy,7614.999999999997,201,201,0,0,133,0.0719336,0,0,0,0,0,0,0,26,0,0,33,0,0,74,0,0,0
peg-solitaire-a3,easy,1,4552,4552,0,0,4587,0.00135953,0,0,37,0,0,0,35,0,0,0,0,0,1295,0,0,3220,0
physiciansched3-4,easy,1480386.746666666,74119,65900,0,8219,239780,5.11265e-05,10158,0,9499,0,40372,139990,0,2194,543,9128,7794,0,0,10763,0,9339,0
pigeon-08,easy,-7000,344,272,0,72,601,0.0250358,0,0,0,0,0,0,0,0,0,0,1,0,48,168,0,384,0
pigeon-10,easy,-9000,490,400,0,90,931,0.0178654,0,0,0,0,0,0,0,0,0,0,1,0,60,270,0,600,0
pigeon-13,easy,-12000,754,637,0,117,1561,0.0117851,0,0,0,0,0,0,0,0,0,0,1,0,78,468,0,1014,0
pigeon-16,easy,-15000,1072,928,0,144,2353,0.00836658,0,0,0,0,0,0,0,0,0,0,1,0,96,720,0,1536,0
pigeon-20,easy,-19000,1580,1400,0,180,3661,0.00572231,0,0,0,0,0,0,0,0,0,0,1,0,120,1140,0,2400,0
piperout-03,easy,74981.99999999999,9526,9373,129,24,12246,0.000334892,0,0,0,49,3888,5831,46,19,0,0,0,0,14,2242,0,12,145
piperout-08,easy,125054.9999999999,10399,10245,130,24,14589,0.000296346,0,0,0,49,4697,6762,46,19,0,0,0,1,14,2845,0,12,144
piperout-27,easy,8123.999999999973,11659,11514,121,24,18442,0.000254224,0,0,0,45,6044,8160,46,19,0,0,0,3,12,3961,2,12,138
pk1,easy,11,86,55,0,31,45,0.236434,0,0,0,0,30,0,0,0,0,0,0,0,0,0,0,15,0
prod1,easy,-56,250,149,0,101,208,0.102885,0,0,0,0,0,100,7,0,0,0,0,0,0,0,0,101,0
prod2,easy,-62,301,200,0,101,211,0.165341,0,0,0,0,0,100,10,0,0,0,0,0,0,0,0,101,0
proteindesign121pgb11p9,easy,1209,132672,132594,78,0,254,0.01557,0,0,0,0,0,0,66,0,0,0,0,0,0,0,0,0,188
proteindesign122trx11p8,easy,1747,127326,127248,78,0,254,0.0155663,0,0,0,0,0,0,66,0,0,0,0,0,0,0,0,0,188
pw-myciel4,easy,9.999999999999996,1059,1058,1,0,8164,0.0020564,0,0,0,0,506,7590,45,0,0,0,0,0,0,0,0,0,23
qap10,easy,339.9999999983871,4150,4150,0,0,1820,0.00240964,0,0,0,0,0,0,1820,0,0,0,0,0,0,0,0,0,0
qiu,easy,-132.87313695,840,48,0,792,1192,0.00342761,0,0,0,0,528,528,0,0,0,0,0,0,0,0,0,136,0
qnet1,easy,16029.69268099998,1541,1288,129,124,503,0.00596292,0,0,0,87,36,45,48,0,4,0,0,0,160,0,0,0,123
rail01,easy,-70.5699643,117527,117527,0,0,46843,7.12195e-05,0,0,1,20791,0,1,14412,1321,0,0,12,0,10305,0,0,0,0
rail02,easy,-200.4499077,270869,270869,0,0,95791,2.91453e-05,0,0,2,39086,0,0,31181,2700,0,0,3,0,22819,0,0,0,0
rail507,easy,174,63019,63009,0,10,509,0.0146174,0,0,8,0,0,3,0,0,496,0,0,0,0,1,0,1,0
railway_8_1_0,easy,400,1796,1177,0,619,2527,0.00156396,0,0,1,0,1026,0,0,0,426,0,0,0,0,0,0,1074,0
ran14x18-disj-8,easy,3712,504,252,0,252,447,0.0456172,0,0,0,0,0,252,0,0,49,0,0,0,0,0,0,146,0
rd-rplusc-21,easy,165395.275295,622,457,0,165,125899,0.0108849,0,0,2,66,20,1169,44,0,0,0,0,0,0,0,0,124598,0
reblock115,easy,-36800603.2332,1150,1150,0,0,4735,0.00252036,0,0,0,0,4715,0,0,0,0,0,20,0,0,0,0,0,0
reblock166,easy,-600052168.91,1660,1660,0,0,17024,0.00139569,0,0,0,0,17004,0,0,0,0,0,20,0,0,0,0,0,0
reblock420,easy,-517793000,4200,4200,0,0,62800,0.000525743,0,0,0,0,62780,0,0,0,0,0,20,0,0,0,0,0,0
rentacar,easy,30356760.98379315,9557,55,0,9502,6803,0.000643562,19,0,1272,2131,294,104,0,0,0,0,0,0,0,0,0,2985,0
rlp1,easy,14.99999999990919,461,450,0,11,68,0.0266684,0,0,0,0,13,0,0,0,0,0,0,0,10,0,0,45,0
rmatr100-p10,easy,423,7359,100,0,7259,7260,0.00040948,0,0,0,0,0,0,0,0,0,0,0,0,1,0,0,7259,0
rmatr100-p5,easy,976,8784,100,0,8684,8685,0.000342802,0,0,0,0,0,0,0,0,0,0,0,0,1,0,0,8684,0
rmatr200-p5,easy,4521,37816,200,0,37616,37617,7.947e-05,0,0,0,0,0,0,0,0,0,0,0,0,1,0,0,37616,0
rocI-4-11,easy,-6020203,6839,5192,1016,631,10883,0.000367908,0,0,671,484,1936,2596,1100,0,0,0,0,0,528,0,0,2948,620
rocII-5-11,easy,-6.675504731538,11523,11341,0,182,26897,0.000978566,0,0,232,0,495,1069,55,1,0,0,0,0,715,0,0,24330,0
rococoC10-001000,easy,11460,3117,2993,124,0,1293,0.00291568,0,0,552,0,205,0,66,0,0,0,0,0,264,0,0,0,206
roi2alpha3n4,easy,-63.20849503,6816,6642,0,174,1251,0.103064,0,0,0,0,0,913,0,0,0,162,0,0,2,0,0,174,0
roll3000,easy,12889.999992,1166,246,492,428,2295,0.0109814,1,0,587,0,1,65,0,31,119,0,0,238,0,0,0,81,1172
s250r10,easy,-0.1717804834232,273142,273139,0,3,10962,0.00044039,82,0,79,2224,0,0,1612,171,171,0,13,0,6607,0,0,3,0
s55,easy,-22.15177316,78141,78137,0,4,9892,0.000411273,40,0,39,270,0,0,65,18,18,0,2,0,9438,0,0,2,0
satellites2-25,easy,-19,35378,34324,0,1054,20916,0.000383353,0,0,0,640,20,1,11061,83,0,0,0,0,1859,4400,0,2852,0
satellites2-40,easy,-19,35378,34324,0,1054,20916,0.000383353,0,0,0,640,20,1,11061,83,0,0,0,0,1859,4400,0,2852,0
satellites2-60-fs,easy,-19.0000000001,35378,34324,0,1054,16516,0.000214012,0,0,0,640,20,1,11061,83,0,0,0,0,1859,0,0,2852,0
savsched1,easy,3217.7,328575,252731,0,75844,295989,1.82049e-05,0,0,0,2,0,137729,0,119072,0,0,0,0,0,102,0,39084,0
sct2,easy,-230.9891623,5885,2872,0,3013,2151,0.00186774,0,0,136,0,1504,0,0,0,0,0,4,0,0,1,0,506,0
sct31,easy,-29.31709163566364,8515,5520,0,2995,3932,0.00204453,0,0,248,0,2875,0,0,0,0,0,5,0,0,1,0,803,0
seymour,easy,423,1372,1372,0,0,4944,0.00494592,0,0,117,0,0,285,0,0,4542,0,0,0,0,0,0,0,0
seymour1,easy,410.76370139,1372,451,0,921,4944,0.00494592,0,0,117,0,0,285,0,0,408,0,0,0,0,0,0,4134,0
snp-02-004-104,easy,586803238.6567289,228350,167,167,228016,126512,1.60594e-05,0,0,21937,21681,0,1589,0,0,0,0,0,0,0,0,0,81054,251
sp97ar,easy,660705645.759,14101,14101,0,0,1761,0.0117175,0,0,22,0,0,52,0,1140,129,0,0,0,0,0,0,418,0
sp98ar,easy,529740623.2,15085,15085,0,0,1435,0.0196863,0,0,5,0,0,71,0,837,110,0,0,0,0,0,0,412,0
square23,easy,13,11660,11638,22,0,7887,0.0097737,0,0,7315,0,0,0,529,0,0,0,0,0,0,0,0,0,43
square31,easy,15,28860,28830,30,0,19435,0.00701951,0,0,18415,0,0,0,961,0,0,0,0,0,0,0,0,0,59
square37,easy,14.9999997973,49320,49284,36,0,33150,0.00579567,0,0,31710,0,0,0,1369,0,0,0,0,0,0,0,0,0,71
square41,easy,15,62234,62197,37,0,40160,0.00542805,0,0,38406,0,0,0,1681,0,0,0,0,0,0,0,0,0,73
square47,easy,15.9999999997877,95030,94987,43,0,61591,0.00466938,0,0,59297,0,0,0,2209,0,0,0,0,0,0,0,0,0,85
supportcase12,easy,-7559.533053817,799616,0,200,799416,166781,1.75047e-05,6447,0,510,41642,2784,1625,0,0,0,0,0,1,0,0,0,112171,1601
supportcase14,easy,288,304,304,0,0,234,0.015871,11,0,97,16,0,5,34,19,0,0,0,0,52,0,0,0,0
supportcase16,easy,288,319,319,0,0,130,0.0259465,0,0,6,16,0,1,36,17,0,0,0,0,54,0,0,0,0
supportcase17,easy,1329.999999999999,1381,732,235,414,2108,0.00180444,0,0,0,602,367,540,4,0,0,0,0,0,46,0,0,184,365
supportcase18,easy,48,13410,13410,0,0,240,0.00898583,0,0,0,0,0,0,120,0,0,120,0,0,0,0,0,0,0
supportcase20,easy,45592,903,300,0,603,903,0.0575846,0,0,300,1,0,300,0,0,0,0,0,0,0,0,0,302,0
supportcase26,easy,1745.123813,436,396,0,40,870,0.00656965,0,0,40,0,38,0,0,0,0,0,0,0,0,0,0,792,0
supportcase33,easy,-345,20203,20102,101,0,20489,0.000511947,0,0,1,0,0,77,2,145,0,0,0,0,200,55,0,45,19964
supportcase34,easy,83.99999985999999,17879,11196,6682,1,15170,0.00276113,0,0,1948,0,0,2263,390,0,0,0,267,123,390,875,0,1675,7239
supportcase37,easy,-1048.96,20047,1484,0,18563,59023,0.000114624,0,0,70,16,27298,23376,23,10,678,0,0,0,1,0,0,7551,0
supportcase42,easy,7.75863072227,19466,0,1026,18440,18439,0.00121374,0,0,0,0,1,2053,0,0,0,0,0,0,0,0,0,0,16385
supportcase6,easy,51906.47737,130052,130051,1,0,771,0.005834,0,0,0,0,0,0,57,0,0,0,0,0,713,0,0,0,1
supportcase7,easy,-1132.223177,138844,451,14,138379,6532,0.00313756,7,0,109,0,449,32,0,0,0,0,0,0,0,640,0,4711,584
swath1,easy,379.07129575,6805,2306,0,4499,884,0.00581237,0,0,401,0,0,0,0,0,0,0,0,0,0,0,0,483,0
swath2,easy,385.1996929499999,6805,2406,0,4399,884,0.00581237,0,0,401,0,0,0,0,0,0,0,0,0,0,0,0,483,0
swath3,easy,397.76134365,6805,2706,0,4099,884,0.00581237,0,0,401,0,0,0,0,0,0,0,0,0,0,0,0,483,0
t11nonreg,easy,1029039.499999974,4596905,4570985,8640,17280,27375,0.000372229,0,0,0,4,0,0,10095,0,0,0,0,0,0,0,0,8638,8638
tanglegram4,easy,10696,56048,56048,0,0,110404,5.35255e-05,0,0,0,0,0,0,0,0,84761,0,0,0,0,25643,0,0,0
tanglegram6,easy,1224,9182,9182,0,0,17712,0.000326726,0,0,0,0,0,0,0,0,14214,0,0,0,0,3498,0,0,0
tbfp-network,easy,24.16319444,72747,72747,0,0,2436,0.00121796,0,0,0,0,0,0,42,0,0,0,0,0,2394,0,0,0,0
timtab1,easy,764771.99999978,397,77,94,226,171,0.0122115,0,0,0,0,0,0,0,0,0,0,0,0,0,0,0,77,94
timtab1CUTS,easy,764771.9999997859,397,77,94,226,371,0.0118272,0,0,0,0,6,33,0,1,0,0,0,0,0,2,0,221,108
toll-like,easy,610,2883,2883,0,0,4408,0.00104058,0,0,0,0,0,0,0,0,3253,0,0,0,0,1155,0,0,0
traininstance6,easy,28290,10218,4154,2056,4008,12309,0.000260667,0,0,0,8051,82,25,14,0,0,0,2,0,9,10,0,4000,116
trento1,easy,5189487,7687,6415,0,1272,1265,0.00962263,0,0,0,0,0,0,0,0,0,0,0,0,0,0,0,1265,0
triptim1,easy,22.8680999999999,30055,20456,9592,7,15706,0.00109192,0,0,3,14,1,6,0,2049,4038,0,0,0,0,5,0,0,9590
uccase12,easy,11507.4050616,62529,9072,0,53457,121161,5.53647e-05,38,0,6416,22041,2020,20214,0,0,0,0,0,0,0,0,0,70432,0
uccase8,easy,11167.74532,37413,9576,0,27837,53709,0.00010681,24,0,4036,8685,1513,20718,0,0,0,0,0,0,0,0,0,18733,0
uccase9,easy,10993.131409,33242,8064,0,25178,49565,0.000201692,28,0,5024,9014,1180,16086,0,0,0,0,0,0,0,0,0,18233,0
uct-subprob,easy,314,2256,379,0,1877,1973,0.00227967,0,0,20,131,0,91,0,6,0,0,0,0,0,0,0,1725,0
unitcal_7,easy,19635558.244,25755,2856,0,22899,48939,0.000101232,0,0,908,0,13394,17182,0,0,0,0,0,0,0,0,0,17455,0
var-smallemery-m6j6,easy,-149.37501,5608,5606,0,2,13416,0.0113059,0,0,0,0,13263,0,0,0,0,0,0,0,0,3,0,150,0
wachplan,easy,-8,3361,3360,1,0,1553,0.0171202,0,0,33,0,0,224,0,0,0,0,0,0,224,1036,0,28,8
