instance,seed,opt.status,opt.obj,opt.nodes,opt.runtime,optimal,var.size,var.binaries,var.integers,var.continuous,constr.size,const.density,constr.empty,constr.free,constr.singleton,constr.aggregation,constr.precedence,constr.variable_bound,constr.set_partitioning,constr.set_packing,constr.set_covering,constr.binpacking,constr.knapsack,constr.integer_knapsack,constr.cardinality,constr.invariant_knapsack,constr.equation_knapsack,constr.mixed_binary,constr.general_linear
22433,0,optimal,21477.000000000004,11.0,0.4586160182952881,21477,429,231,0,198,198,0.0401215,0,0,0,0,0,0,0,0,0,0,0,0,0,0,0,198,0
air03,0,optimal,340160.0,1.0,0.3407249450683594,340160,10757,10757,0,0,124,0.0682436,0,0,0,2,0,0,122,0,0,0,0,0,0,0,0,0,0
acc-tight2,0,optimal,0.0,1.0,0.9648618698120117,0,1620,1620,0,0,2520,0.00375441,0,0,0,0,1296,0,252,162,0,0,0,0,27,783,0,0,0
23588,0,optimal,8090.0,841.0,1.319793939590454,8089.999999999998,368,231,0,137,137,0.0734092,0,0,0,0,0,0,0,0,0,0,0,0,0,0,0,137,0
10teams,0,optimal,924.0,170.0,2.7325849533081055,923.9999999999997,2025,1800,0,225,230,0.026087,0,0,0,0,0,0,80,40,0,0,0,0,0,0,0,110,0
app1-1,0,optimal,-3.0,96.0,2.2242090702056885,-3,2480,1225,0,1255,4926,0.00149593,0,0,1,0,1225,0,0,0,25,0,0,0,0,0,0,3675,0
app3,0,optimal,5751714.32890448,149.0,1.0724608898162842,5751714.3289,3080,100,0,2980,766,0.00623368,0,0,0,0,0,80,0,5,0,0,0,0,0,0,0,681,0
30n20b8,0,optimal,302.0,689.0,4.526571035385132,302,18380,18318,62,0,576,0.0103624,0,0,0,0,60,0,30,0,0,0,0,0,0,0,0,0,486
aligninq,0,optimal,2713.0,732.0,5.673203945159912,2712.999999999999,1831,1830,0,1,340,0.0252739,0,0,0,0,0,0,0,0,0,0,12,0,0,263,0,65,0
air04,0,optimal,56137.0,220.0,9.539448976516724,56137,8904,8904,0,0,823,0.00995703,0,0,0,2,0,0,821,0,0,0,0,0,0,0,0,0,0
air05,0,optimal,26374.0,682.0,9.886277914047241,26374,7195,7195,0,0,426,0.0170048,0,0,0,0,0,0,426,0,0,0,0,0,0,0,0,0,0
b-ball,0,optimal,-1.5,1.0,0.002605915069580078,-1.50000000000001,100,88,0,12,30,0.0696667,0,0,0,0,11,0,0,0,0,0,0,0,8,0,0,11,0
acc-tight4,0,optimal,0.0,151.0,30.033915996551514,0,1620,1620,0,0,3285,0.00320819,0,0,0,0,2025,0,261,162,9,0,0,0,36,783,0,9,0
binkar10_1,0,optimal,6742.200024000002,5954.0,8.550480842590332,6742.1998835,2298,170,0,2128,1026,0.0019069,0,0,0,200,0,0,0,0,0,0,0,0,0,0,0,826,0
acc-tight5,0,optimal,0.0,1004.0,78.32918787002563,0,1339,1339,0,0,3052,0.003948,0,0,0,3,1649,41,241,248,10,0,0,0,33,818,0,9,0
biella1,0,optimal,3065084.6900000004,2168.0,424.50589513778687,3065005.78,7328,6110,0,1218,1203,0.00810939,0,0,0,0,0,0,0,0,0,0,0,0,0,0,0,1203,0
bppc8-02,0,optimal,507.0,1.0,0.05753898620605469,506.9999999999998,232,229,1,2,59,0.3205,0,0,1,1,0,0,17,0,0,0,0,1,0,0,0,33,7
bppc8-09,0,optimal,472.0,518.0,1.3907489776611328,471.9999999999998,431,423,6,2,67,0.313433,0,0,0,0,0,0,12,0,0,0,0,6,0,0,0,25,30
buildingenergy,0,optimal,33285.7867616001,1.0,272.839478969574,33283.853236,154978,0,26287,128691,277594,1.83392e-05,0,0,1,2,42444,130038,0,0,0,0,0,0,0,0,0,52555,52554
a1c1s1,0,optimal,11503.444125,32214.0,789.2058479785919,11503.444125,3648,192,0,3456,3312,0.000842398,0,0,0,6,0,1968,0,0,0,0,0,0,0,0,0,1338,0
a2c1s1,0,optimal,10889.137625000081,29650.0,794.1163020133972,10889.137625,3648,192,0,3456,3312,0.000842398,0,0,0,6,0,1968,0,0,0,0,0,0,0,0,0,1338,0
chromaticindex128-5,0,optimal,4.0,1209.0,24.408241987228394,4,9216,9216,0,0,8447,0.000433925,0,0,0,0,0,0,2303,6144,0,0,0,0,0,0,0,0,0
chromaticindex32-8,0,optimal,4.0,232.0,2.0020718574523926,4,2304,2304,0,0,2111,0.00173447,0,0,0,0,0,0,575,1536,0,0,0,0,0,0,0,0,0
chromaticindex256-8,0,optimal,4.0,210.0,41.114623069763184,4,18432,18432,0,0,16895,0.000216988,0,0,0,0,0,0,4607,12288,0,0,0,0,0,0,0,0,0
chromaticindex512-7,0,optimal,4.0,375.0,82.20101809501648,4,36864,36864,0,0,33791,0.000108501,0,0,0,0,0,0,9215,24576,0,0,0,0,0,0,0,0,0
CMS750_4,0,optimal,252.0,92.0,2.3589179515838623,252,11697,7196,0,4501,16381,0.000234348,0,0,1,0,7496,0,0,0,2438,0,0,0,0,0,0,6446,0
chromaticindex1024-7,0,optimal,4.0,156.0,301.8364691734314,4,73728,73728,0,0,67583,5.42519e-05,0,0,0,0,0,0,18431,49152,0,0,0,0,0,0,0,0,0
cod105,0,optimal,-12.0,9.0,60.81107497215271,-12,1024,1024,0,0,1024,0.0546875,0,0,0,0,0,0,0,1024,0,0,0,0,0,0,0,0,0
bnatt400,0,optimal,1.0,9025.0,1054.2644050121307,1,3600,3600,0,0,5614,0.00107361,0,0,1586,0,0,0,0,0,1614,0,0,0,0,400,0,2014,0
assign1-5-8,0,optimal,212.0,1378813.0,1158.1391558647156,211.999999999998,156,130,0,26,161,0.148113,0,0,0,0,0,0,26,0,0,0,0,0,5,0,0,130,0
core2536-691,0,optimal,689.0,1365.0,110.86611294746399,689,15293,15284,0,9,2539,0.00457749,0,0,5,0,0,4,0,0,2527,0,0,0,0,1,0,2,0
co-100,0,optimal,2639942.0600000005,6535.0,324.303829908371,2639942.06,48417,48417,0,0,2187,0.0188484,0,0,0,0,9,2,173,2,0,1989,11,0,0,1,0,0,0
dano3_3,0,optimal,576.3446330306546,28.0,31.042933225631714,576.34463303,13873,69,0,13804,3202,0.00179317,0,0,0,0,0,684,0,0,0,0,0,0,3,0,0,2515,0
dano3_5,0,optimal,576.9452446622776,284.0,142.6453239917755,576.9249159565619,13873,115,0,13758,3202,0.00179317,0,0,0,0,0,684,0,0,0,0,0,0,5,0,0,2513,0
csched007,0,optimal,351.0,26708.0,422.6402978897095,350.9999999999955,1758,1457,0,301,351,0.0103378,0,0,1,2,50,0,50,0,0,0,0,0,0,0,0,248,0
disctom,0,optimal,-5000.0,1.0,0.3113529682159424,-5000,10000,10000,0,0,399,0.0075188,0,0,2,2,0,0,1,0,0,0,0,0,394,0,0,0,0
drayage-100-12,0,optimal,94941.58910751343,32.0,2.8249828815460205,94941.5891075,11090,11025,0,65,4630,0.000809205,0,0,195,0,0,0,210,0,0,0,0,0,0,0,0,4225,0
drayage-100-23,0,optimal,103333.87407302856,1.0,0.131544828414917,103333.87407,11090,11025,0,65,4630,0.000809205,0,0,195,0,0,0,210,0,0,0,0,0,0,0,0,4225,0
drayage-25-23,0,optimal,101282.64701843262,1.0,1.3225038051605225,101282.647018,11090,11025,0,65,4630,0.000809205,0,0,195,0,0,0,210,0,0,0,0,0,0,0,0,4225,0
drayage-25-27,0,optimal,102183.50532531737,10.0,1.8758420944213867,102183.505325,11090,11025,0,65,4630,0.000809205,0,0,195,0,0,0,210,0,0,0,0,0,0,0,0,4225,0
drayage-25-32,0,optimal,91395.8492660522,1.0,2.4160521030426025,91395.84915,11090,11025,0,65,4630,0.000809205,0,0,195,0,0,0,210,0,0,0,0,0,0,0,0,4225,0
dsbmip,0,optimal,-305.19817500946755,1.0,0.06952500343322754,-305.19817501,1886,192,0,1694,1182,0.00330425,0,0,0,24,0,521,40,0,0,0,0,0,0,0,0,648,0
eil33-2,0,optimal,934.007916,7058.0,16.628443002700806,934.007915999999,4516,4516,0,0,32,0.306155,0,0,0,0,0,0,32,0,0,0,0,0,0,0,0,0,0
csched010,0,optimal,408.0,32765.0,562.0028340816498,407.999999999994,1758,1457,0,301,351,0.0103329,0,0,0,2,50,0,50,0,0,0,0,0,0,0,0,249,0
eilC76-2,0,optimal,762.514782,1332.0,31.23568296432495,762.514781999996,28599,28599,0,0,75,0.146782,0,0,0,0,0,0,75,0,0,0,0,0,0,0,0,0,0
enlight_hard,0,optimal,37.0,0.0,0.0013990402221679688,37,200,100,100,0,100,0.028,0,0,0,0,0,0,0,0,0,0,0,0,0,0,0,0,100
enlight8,0,optimal,27.0,0.0,0.0010218620300292969,27,128,64,64,0,64,0.0429688,0,0,0,0,0,0,0,0,0,0,0,0,0,0,0,0,64
atlanta-ip,0,optimal,90.00987861440004,7501.0,1783.5892570018768,90.009878614,48738,46667,106,1965,21732,0.000243144,1,0,176,573,0,2293,782,0,0,0,774,1,5540,2209,0,9202,181
ex9,0,optimal,81.0,0.0,8.121640920639038,81,10404,0,10404,0,40962,0.0012134,0,0,1120,0,1152,0,0,0,0,0,0,162,0,0,0,0,38690
exp-1-500-5-5,0,optimal,65887.0,653.0,4.394496917724609,65887,990,250,0,740,550,0.00363636,0,0,0,0,0,250,0,50,0,0,0,0,0,0,0,250,0
f2gap201600,0,optimal,76453.0,1.0,0.05370807647705078,76453,1600,1600,0,0,20,0.1,0,0,0,0,0,0,0,0,0,0,20,0,0,0,0,0,0
f2gap401600,0,optimal,82307.0,1.0,0.05806994438171387,82306.9999999945,1600,1600,0,0,40,0.05,0,0,0,0,0,0,0,0,0,0,40,0,0,0,0,0,0
f2gap40400,0,optimal,20772.0,1.0,0.022181987762451172,20771.99999999983,400,400,0,0,40,0.05,0,0,0,0,0,0,0,0,0,0,40,0,0,0,0,0,0
f2gap801600,0,optimal,86679.0,1.0,0.07862305641174316,86678.999982707,1600,1600,0,0,80,0.025,0,0,0,0,0,0,0,0,0,0,80,0,0,0,0,0,0
ex10,0,optimal,100.0,0.0,23.41495704650879,100,17680,0,17680,0,69608,0.000944202,0,0,608,0,2224,0,0,0,0,0,0,200,0,0,0,0,66776
flugpl,0,optimal,1201500.0,0.0,0.0007240772247314453,1201500,18,0,11,7,18,0.141975,0,0,1,0,0,6,0,0,0,0,0,0,0,0,0,0,11
csched008,0,optimal,173.0,131648.0,761.9201099872589,173,1536,1284,0,252,351,0.0105484,0,0,1,10,50,0,50,0,0,0,0,0,0,0,0,240,0
fast0507,0,optimal,174.0,2032.0,133.78907895088196,174,63009,63009,0,0,507,0.012814,0,0,8,0,0,3,0,0,496,0,0,0,0,0,0,0,0
gen-ip021,0,optimal,2361.4541951916,1663582.0,198.22973704338074,2361.45419519,35,0,35,0,28,0.964286,0,0,0,0,0,0,0,0,0,0,0,0,0,0,0,0,28
gen-ip036,0,optimal,-4606.6796098376,1249503.0,170.64807891845703,-4606.67961,29,0,29,0,46,0.976762,0,0,0,0,0,0,0,0,0,0,0,0,0,0,0,0,46
gen-ip002,0,optimal,-4783.7333916,4501958.0,768.3966751098633,-4783.733392,41,0,41,0,24,0.936992,0,0,0,0,0,0,0,0,0,0,0,0,0,0,0,0,24
glass4,0,optimal,1200012600.0,44808.0,42.26395010948181,1200012599.972384,322,302,0,20,396,0.014234,0,0,0,0,9,0,36,0,0,0,0,0,0,0,0,351,0
berlin_5_8_0,0,optimal,62.0,3563840.0,2818.0495920181274,62,1083,794,0,289,1532,0.00271644,0,0,1,0,476,0,0,0,309,0,0,0,0,0,0,746,0
gmu-35-40,0,optimal,-2406535.7616999997,546553.0,406.3392930030823,-2406733.3688,1205,1200,0,5,424,0.00947898,0,0,0,0,0,32,0,379,0,0,0,0,0,0,0,13,0
gmu-35-50,0,optimal,-2607836.5093,1040.0,2.329468011856079,-2607958.33,1919,1914,0,5,435,0.0103538,0,0,0,0,0,16,0,406,0,0,0,0,0,0,0,13,0
gr4x6,0,optimal,202.35000000000002,1.0,0.006279945373535156,202.3499999999979,48,24,0,24,34,0.0588235,0,0,0,0,0,24,0,0,0,0,0,0,0,0,0,10,0
danoint,0,optimal,65.66666666666666,439824.0,2034.7832000255585,65.6666666666,521,56,0,465,664,0.00934255,0,0,0,0,0,400,0,0,0,0,0,0,16,0,0,248,0
graphdraw-gemcutter,0,optimal,7118.5,30962.0,46.37160897254944,7118.5,166,112,16,38,474,0.0180469,0,0,0,0,0,43,28,0,0,0,0,0,0,224,0,23,156
graphdraw-domain,0,optimal,19686.0,92113.0,259.7519779205322,19685.99997550038,254,180,20,54,865,0.0118338,0,0,0,0,0,57,45,0,0,0,0,0,0,480,0,35,248
gt2,0,optimal,21166.0,1.0,0.008972883224487305,21165.99999999978,188,24,164,0,29,0.0689655,0,0,0,0,0,0,0,2,0,0,0,15,0,0,0,0,12
gsvm2rl3,0,optimal,0.3365275339619651,16956.0,22.39572501182556,0.33652753,241,60,0,181,180,0.0926694,0,0,0,0,60,60,0,0,0,0,0,0,0,0,0,60,0
hypothyroid-k1,0,optimal,-2851.0,1.0,17.214395999908447,-2851,2602,2601,1,0,5195,0.0320982,0,0,0,2,2,0,0,0,0,2595,2592,0,0,3,0,0,1
ic97_tension,0,optimal,3942.0,5450.0,9.238785028457642,3942,703,176,4,523,319,0.00923048,0,0,0,0,0,0,0,0,0,0,0,0,0,0,0,315,4
icir97_tension,0,optimal,6375.0,49232.0,180.371022939682,6375,2494,262,573,1659,1203,0.00744363,0,0,0,0,0,0,0,0,0,0,0,0,0,0,0,630,573
gen-ip054,0,optimal,6840.965641792,18898820.0,1494.3399839401245,6840.96564179,30,0,30,0,27,0.65679,0,0,0,0,0,1,0,0,0,0,0,0,0,0,0,0,26
iis-glass-cov,0,optimal,21.0,32835.0,483.6445701122284,20.99999999999999,214,214,0,0,5375,0.0488007,0,0,0,0,0,0,0,0,5375,0,0,0,0,0,0,0,0
b1c1s1,0,optimal,24544.25,83538.0,4273.289910793304,24544.25,3872,288,0,3584,3904,0.000754683,0,0,0,16,0,2560,0,0,0,0,0,0,0,0,0,1328,0
irp,0,optimal,12159.492864999998,71.0,1.8566551208496094,12159.49283539698,20315,20315,0,0,39,0.124013,0,0,0,0,0,0,39,0,0,0,0,0,0,0,0,0,0
istanbul-no-cutoff,0,optimal,204.08174924146232,143.0,41.09918999671936,204.08170701,5282,30,0,5252,20346,0.000665103,0,0,144,5,0,0,0,0,0,0,1,0,0,0,0,20196,0
k1mushroom,0,optimal,-3288.0,1.0,193.69383907318115,-3288,8211,8210,1,0,16419,0.0125945,0,0,0,0,0,0,0,0,0,8209,8123,0,0,86,0,0,1
khb05250,0,optimal,106940226.0,1.0,0.0895230770111084,106940225.9999999,1350,24,0,1326,101,0.019802,0,0,0,0,0,24,0,0,0,0,0,0,0,0,0,77,0
l2p12,0,optimal,5.0,687.0,102.16429901123047,5,11786,10906,590,290,21315,0.000237359,0,0,0,994,3463,659,125,16,0,0,0,0,3148,145,0,0,12765
lectsched-4-obj,0,optimal,4.0,1.0,0.6074168682098389,4,7901,7665,236,0,14163,0.00073661,0,0,894,2,35,60,0,0,0,0,0,1336,0,0,0,0,11836
lectsched-5-obj,0,optimal,24.0,2885.0,61.39926195144653,24,21805,21389,416,0,38884,0.000282601,0,0,1728,3,60,102,0,0,0,0,0,2358,0,0,0,0,34633
irish-electricity,0,optimal,3723497.591395974,29249.0,703.8193941116333,3723497.591396,61728,9888,0,51840,104259,8.13054e-05,0,0,16041,0,5216,20624,0,0,9114,279,0,0,4,0,0,52981,0
leo1,0,optimal,404227536.1600001,57709.0,523.0244460105896,404227536.16,6731,6730,0,1,593,0.0328745,0,0,3,0,0,26,0,408,16,0,0,0,0,0,0,140,0
leo2,0,optimal,404077441.11999995,64563.0,632.0293531417847,404077441.12,11100,11099,0,1,593,0.0334167,0,0,0,0,0,9,0,428,9,0,0,0,0,0,0,147,0
iis-hc-cov,0,optimal,17.0,99233.0,2159.2088208198547,17,297,297,0,0,9727,0.0494894,0,0,0,0,0,0,0,0,9727,0,0,0,0,0,0,0,0
manna81,0,optimal,-13164.0,1.0,0.17493391036987305,-13164,3321,18,3303,0,6480,0.000602228,0,0,0,0,0,6480,0,0,0,0,0,0,0,0,0,0,0
loopha13,0,optimal,6.402329999999997,68842.0,1050.4708111286163,6.40233,19356,18150,0,1206,23758,9.09168e-05,0,0,14060,771,991,99,0,0,0,0,0,0,0,1190,0,6647,0
cmflsp50-24-8-8,0,optimal,55789389.8863,74833.0,5433.173232078552,55789389.886,16392,1392,0,15000,3520,0.00274909,0,0,0,0,1200,50,0,0,0,0,0,0,0,0,0,2270,0
map06,0,optimal,-289.0,1844.0,317.65434193611145,-289,164547,146,0,164401,328818,1.01637e-05,0,0,118493,0,36827,164400,0,0,0,0,1,0,0,0,0,9097,0
map14860-20,0,optimal,-922.0,631.0,61.24107789993286,-922,164547,146,0,164401,328818,1.01637e-05,0,0,118493,0,36827,164400,0,0,0,0,1,0,0,0,0,9097,0
map18,0,optimal,-847.0,602.0,67.86746907234192,-847,164547,146,0,164401,328818,1.01637e-05,0,0,118493,0,36827,164400,0,0,0,0,1,0,0,0,0,9097,0
markshare_4_0,0,optimal,1.0,2930.0,0.501777172088623,1,34,30,0,4,4,0.904412,0,0,0,0,0,0,0,0,0,0,0,0,0,0,0,4,0
markshare_5_0,0,optimal,1.0,29521.0,0.7710649967193604,1,45,40,0,5,5,0.902222,0,0,0,0,0,0,0,0,0,0,0,0,0,0,0,5,0
map16715-04,0,optimal,-111.0,1591.0,199.8419349193573,-111,164547,146,0,164401,328818,1.01637e-05,0,0,118493,0,36827,164400,0,0,0,0,1,0,0,0,0,9097,0
map10,0,optimal,-495.0,1189.0,257.9780070781708,-495,164547,146,0,164401,328818,1.01637e-05,0,0,118493,0,36827,164400,0,0,0,0,1,0,0,0,0,9097,0
mas76,0,optimal,40005.054142,328059.0,34.897785902023315,40005.05398999999,151,150,0,1,12,0.905077,0,0,0,0,0,0,0,0,0,0,0,0,0,1,0,11,0
mik-250-20-75-1,0,optimal,-49716.00000000003,1.0,0.21104717254638672,-49716,270,75,175,20,195,0.176068,0,0,120,0,0,0,0,0,0,0,0,0,0,0,0,0,75
mik-250-20-75-2,0,optimal,-50768.00000000003,1.0,0.17496299743652344,-50768.00000000001,270,75,175,20,195,0.176068,0,0,120,0,0,0,0,0,0,0,0,0,0,0,0,0,75
mik-250-20-75-3,0,optimal,-52242.000000000124,94.0,0.17776799201965332,-52242,270,75,175,20,195,0.176068,0,0,120,0,0,0,0,0,0,0,0,0,0,0,0,0,75
mik-250-20-75-4,0,optimal,-52301.0,1054.0,0.5615279674530029,-52301,270,75,175,20,195,0.176068,0,0,120,0,0,0,0,0,0,0,0,0,0,0,0,0,75
mik-250-20-75-5,0,optimal,-51532.0,11.0,0.25037479400634766,-51532,270,75,175,20,195,0.176068,0,0,120,0,0,0,0,0,0,0,0,0,0,0,0,0,75
mine-166-5,0,optimal,-566395707.8708299,678.0,2.867471933364868,-566395707.9,830,830,0,0,8429,0.0027747,0,0,0,0,8419,0,0,0,0,0,10,0,0,0,0,0,0
mine-90-10,0,optimal,-784302337.6331725,11756.0,28.517791032791138,-784302337.6332,900,900,0,0,6270,0.00273029,0,0,0,0,6250,0,0,0,0,0,20,0,0,0,0,0,0
misc07,0,optimal,2810.0,7503.0,6.614351987838745,2810,260,259,0,1,212,0.156368,0,0,0,0,0,0,7,3,127,2,0,0,27,45,0,1,0
mod010,0,optimal,6548.0,1.0,0.2223200798034668,6548,2655,2655,0,0,146,0.0289013,0,0,0,0,0,0,144,0,0,1,0,0,1,0,0,0,0
glass-sc,0,optimal,23.0,358593.0,3983.5790638923645,23,214,214,0,0,6119,0.0488123,0,0,0,0,0,0,0,0,6119,0,0,0,0,0,0,0,0
markshare1,0,optimal,1.0,9218958.0,345.90268182754517,0.9999999999990905,62,50,0,12,6,0.83871,0,0,0,0,0,0,0,0,0,0,0,0,0,0,0,6,0
mzzv11,0,optimal,-21718.0,1.0,6.619334936141968,-21718,10240,9989,251,0,9499,0.00138381,0,0,0,0,0,129,1073,5755,28,0,1,0,2208,5,0,1,299
mzzv42z,0,optimal,-20540.0,1.0,5.68721604347229,-20540,11717,11482,235,0,10460,0.00123418,0,0,0,0,4,82,2157,5680,0,0,0,0,2262,0,0,0,275
n2seq36q,0,optimal,52200.0,1.0,9.676984071731567,52200,22480,22480,0,0,2565,0.00317878,0,0,0,0,0,0,0,285,1832,0,0,0,0,0,0,448,0
mas74,0,optimal,11801.185728999995,2636766.0,328.09446716308594,11801.18572,151,150,0,1,13,0.869078,0,0,0,0,0,0,0,0,0,0,0,0,0,1,0,12,0
mushroom-best,0,optimal,0.05533376123234914,10922.0,252.22900199890137,0.0553337612,8468,8237,118,113,8580,0.00259767,0,0,0,0,0,452,0,0,0,0,0,0,0,0,0,0,8128
neos-1122047,0,optimal,161.0,1.0,6.075823068618774,161,5100,100,0,5000,57791,0.000555212,0,0,0,0,9830,0,0,0,0,0,0,0,0,0,0,47961,0
neos-1171448,0,optimal,-309.0,1.0,2.1160709857940674,-309,4914,2457,0,2457,13206,0.0020319,0,0,0,0,0,7434,0,0,0,0,0,0,0,630,0,5142,0
neos-1171737,0,optimal,-195.0,1.0,4.842037916183472,-195,2340,1170,0,1170,4179,0.00599456,0,0,0,0,0,1320,0,390,0,0,0,0,0,0,0,2469,0
neos-1223462,0,optimal,-751.0,1.0,0.3345808982849121,-751.0000000645,5495,5180,315,0,5890,0.0014534,0,0,0,0,0,760,54,2655,0,0,335,0,50,916,0,875,280
neos-1367061,0,optimal,31320456.26449716,1.0,2.1806609630584717,31320456.264,36600,625,350,35625,102750,6.92035e-05,0,0,0,0,0,101250,0,0,0,0,0,0,0,0,0,625,875
n3seq24,0,optimal,52200.0,274.0,106.31537508964539,52200,119856,119856,0,0,6044,0.00446203,0,0,0,0,0,0,0,4484,1112,0,0,0,0,0,0,448,0
neos-1445532,0,optimal,-17041.0,1.0,0.22459697723388672,-17041,14406,1999,0,12407,1924,0.00100068,0,0,0,127,0,0,0,0,0,0,0,0,0,1,0,1796,0
neos-1396125,0,optimal,3000.0476019188463,2186.0,37.127769947052,3000.0453373,1161,129,0,1032,1494,0.00317722,0,0,0,0,90,774,3,6,0,0,3,0,18,3,0,597,0
neos-1445743,0,optimal,-17905.0,155.0,10.21747899055481,-17905,20344,2150,0,18194,2148,0.000908146,0,0,0,19,0,0,0,0,0,0,0,0,0,1,0,2128,0
neos-1445765,0,optimal,-17783.0,613.0,17.95542001724243,-17783,20617,2150,0,18467,2147,0.000908851,0,0,0,23,0,0,0,0,0,0,0,0,0,1,0,2123,0
neos16,0,optimal,446.0,519.0,0.8482317924499512,446,377,336,41,0,1018,0.00729834,0,0,0,0,0,336,0,0,0,0,0,9,0,0,0,0,682
neos-1445738,0,optimal,-17380.0,2100.0,69.415030002594,-17380,20631,2150,0,18481,2145,0.000909668,0,0,0,14,0,0,0,0,0,0,0,0,0,1,0,2130,0
neos-1605061,0,optimal,12.0,1.0,21.537249088287354,11.99999999556169,4111,3570,0,541,3474,0.00654569,0,0,0,0,0,0,563,0,5,0,0,0,0,0,0,2906,0
neos17,0,optimal,0.15000257742257736,1400.0,1.9717698097229004,0.1500025774,535,300,0,235,486,0.0189647,0,0,0,0,0,0,0,0,0,0,0,0,0,0,0,486,0
neos-2987310-joes,0,optimal,-607702988.290905,1.0,2.230133056640625,-607702988.3,27837,3051,0,24786,29015,0.000718457,0,0,0,0,2825,0,0,0,0,0,0,0,0,0,0,26190,0
neos-3046601-motu,0,optimal,1459.0,1.0,0.07369804382324219,1459,308,272,17,19,563,0.00824664,0,0,0,272,0,17,0,0,0,0,0,0,0,0,0,1,273
neos-1601936,0,optimal,3.0,240.0,64.3332691192627,2.99999999999894,4446,3906,0,540,3131,0.00520817,0,0,0,0,0,0,579,0,5,0,0,0,0,0,0,2547,0
neos-3046615-murg,0,optimal,1600.0,26826.0,34.497939109802246,1600,274,240,16,18,498,0.00927799,0,0,0,240,0,16,0,0,0,0,0,0,0,0,0,1,241
neos-3072252-nete,0,optimal,11807697.999999877,21309.0,47.74706506729126,11807698,576,144,0,432,432,0.00519226,0,0,0,0,0,288,0,0,0,0,0,0,0,1,0,143,0
neos-3354841-apure,0,optimal,48800.0,1.0,19.326031923294067,48800,100000,0,100000,0,169,0.319118,0,0,0,0,0,0,0,0,0,0,0,1,0,0,0,0,169
neos-3402294-bobin,0,optimal,0.06725000000000002,1.0,12.670207977294922,0.06724999999999949,2904,2616,0,288,591076,0.0011855,0,0,0,0,24024,0,64,0,34620,0,0,0,0,532224,0,144,0
neos-3437289-erdre,0,optimal,0.0,0.0,0.008404970169067383,0,12162,12162,0,0,7358,0.00167459,0,0,0,0,0,0,24,2018,0,0,0,0,3306,140,0,1870,0
eilA101-2,0,optimal,880.920108,13461.0,5622.500730037689,880.9201079999999,65832,65832,0,0,100,0.14573,0,0,0,0,0,0,100,0,0,0,0,0,0,0,0,0,0
neos-3610040-iskar,0,optimal,37.0,1.0,0.06927680969238281,37,430,85,0,345,335,0.0071017,0,0,0,0,65,0,0,0,0,0,0,0,0,0,0,270,0
neos-3610051-istra,0,optimal,49.0,56.0,0.19733595848083496,49,805,76,0,729,709,0.00350244,0,0,0,0,202,0,0,0,0,0,0,0,0,0,0,507,0
neos-3610173-itata,0,optimal,148.0,1.0,0.09472298622131348,147.99999986,844,77,0,767,747,0.00337844,0,0,0,0,186,0,0,0,0,0,0,0,0,0,0,561,0
neos-3611447-jijia,0,optimal,107.0,380.0,0.31140780448913574,107,472,85,0,387,377,0.00643461,0,0,0,0,69,0,0,0,0,0,0,0,0,0,0,308,0
neos-3611689-kaihu,0,optimal,119.00000000000017,883.0,0.6336979866027832,119,421,88,0,333,323,0.00745681,0,0,0,0,41,0,0,0,0,0,0,0,0,0,0,282,0
ic97_potential,0,optimal,3942.0,758093.0,3670.959865093231,3941.99993090225,728,450,73,205,1046,0.00412088,0,0,0,0,0,0,0,0,0,0,0,0,0,0,0,900,146
neos-3665875-lesum,0,optimal,3274.81,2563.0,79.40576386451721,3274.81,3128,320,0,2808,3184,0.00106832,0,0,0,0,0,0,0,0,40,0,0,0,0,8,0,3136,0
neos-3755335-nizao,0,optimal,50.0301565326,1.0,4.174158096313477,50.0301565326,40938,5226,0,35712,111026,0.000120522,0,0,0,0,96,71424,230,54,0,12,6,0,0,282,0,38922,0
neos-3759587-noosa,0,optimal,48.3344677694,1.0,2.100414991378784,48.334467769,27029,4289,0,22740,72104,0.000163256,0,0,0,0,60,45480,224,44,0,4,8,0,0,212,0,26072,0
neos-4260495-otere,0,optimal,5290.000000000005,42.0,39.00387406349182,5290,176048,168745,22,7281,295357,1.35197e-05,0,0,0,123,199688,5297,2607,0,82195,4,22,0,126,0,0,5217,78
neos-4306827-ravan,0,optimal,10186.574257424032,3937.0,100.61835193634033,10186.57303874958,162291,155368,285,6638,261877,1.50463e-05,0,0,0,817,172083,6082,2853,36,74411,256,59,36,99,0,0,4758,387
neos-3555904-turama,0,optimal,-34.7,789.0,314.43536400794983,-34.7,37461,37461,0,0,146493,0.000144613,0,0,562,1,24986,25781,1,14343,0,0,0,0,1,80818,0,0,0
momentum1,0,optimal,109143.70974839151,23513.0,842.1267838478088,109143.4935,5174,2349,0,2825,42680,0.000467295,0,0,52,6,2445,33111,92,0,0,0,0,0,0,38,0,6936,0
neos-3216931-puriri,0,optimal,71320.0,1129.0,470.8390610218048,71320,3555,3268,0,287,5989,0.00430658,0,0,0,3,0,1616,137,1046,0,351,16,0,216,2381,0,223,0
neos-4332810-sesia,0,optimal,21849.76236956781,586.0,110.16077208518982,21849.762376,20682487,20677405,20,5062,19912111,1.1537e-07,0,0,0,6531937,232040,12944097,2607,0,74685,61128,62004,0,99,0,0,3442,72
neos-4333596-skien,0,optimal,-14610731.0,126368.0,125.78176307678223,-14610731.01,1005,460,0,545,812,0.0071208,0,0,0,40,1,159,5,0,0,0,0,0,21,0,0,586,0
neos-4359986-taipa,0,optimal,69.8,1.0,3.5014491081237793,69.79999999999997,25130,25095,0,35,48864,0.000103067,0,0,0,1,24412,24378,39,0,0,0,0,0,0,0,0,34,0
neos-4393408-tinui,0,optimal,375.49809051191556,659.0,13.666790008544922,375.49807237,4004,2000,0,2004,4554,0.00128857,0,0,0,0,0,2000,0,0,0,2000,0,0,0,0,0,554,0
neos-4391920-timok,0,optimal,0.00545540819999998,1.0,15.612213850021362,0.00545540819999822,93846,93786,0,60,184575,3.38212e-05,0,0,0,1,92226,92171,62,0,0,0,0,0,0,0,0,115,0
neos-4332801-seret,0,optimal,279835.5049504951,7038.0,153.7319529056549,279835.50495,20682487,20677405,20,5062,19912111,1.1537e-07,0,0,0,6531937,232040,12944097,2607,0,74685,61128,62004,0,99,0,0,3442,72
neos-4413714-turia,0,optimal,45.37016702,1.0,33.80436682701111,45.3701670199998,190402,190201,0,201,2303,0.0017372,0,0,0,0,0,0,950,0,0,200,0,0,0,0,0,1153,0
neos-4650160-yukon,0,optimal,59.884999999999835,10260.0,39.86427283287048,59.88499998695507,1412,624,0,788,1969,0.00230772,0,0,0,160,304,754,0,0,96,0,0,0,156,0,0,499,0
neos-4722843-widden,0,optimal,25009.663366336634,1535.0,18.919345140457153,25009.662227,77723,73349,20,4354,113555,3.52974e-05,0,0,0,95,71168,2779,2603,0,34051,8,12,0,93,0,0,2674,72
neos-4724674-aorere,0,optimal,8609.198019801981,2023.0,39.84304594993591,8609.1960886,94145,87022,22,7101,137123,2.9186e-05,0,0,0,90,84898,4759,2618,0,39939,10,12,0,73,2,0,4641,81
neos-3660371-kurow,0,optimal,2270.85,128866.0,599.4847230911255,2270.85,4722,144,0,4578,4758,0.000574703,0,0,0,12,1800,0,24,0,0,0,0,0,0,6,0,2916,0
neos-4805882-barwon,0,optimal,3010.0,1448.0,14.539901971817017,3010,22229,15809,18,6402,49386,0.000106578,0,0,0,91,28772,5160,204,0,9712,12,16,0,243,1,0,5087,88
neos-480878,0,optimal,492.51444928794587,5538.0,13.639510869979858,492.5144492879,534,189,0,345,1321,0.0628992,0,0,0,0,0,253,12,12,0,0,10,0,0,2,0,1032,0
neos-4966258-blicks,0,optimal,556.0,1.0,22.01220393180847,556,196788,6708,0,190080,270816,1.82965e-05,0,0,0,18894,0,188028,27,0,0,0,0,0,843,0,0,63024,0
neos-4972437-bojana,0,optimal,427.0,1.0,53.39706802368164,427,293268,8148,0,285120,408192,1.45886e-05,0,0,0,28140,0,281316,42,0,0,0,0,0,1266,1224,0,96204,0
neos-4532248-waihi,0,optimal,61.6,439.0,296.7004301548004,61.59999999999999,86842,86841,0,1,167322,3.6154e-05,0,0,0,2,83230,0,154,0,0,144,0,0,417,0,0,83375,0
neos-4976951-bunnoo,0,optimal,454.0,1.0,38.62615895271301,454,293268,8148,0,285120,408336,1.45859e-05,0,0,0,20100,0,281316,30,0,0,0,0,0,1398,1368,0,104124,0
neos-498623,0,optimal,16.599999999999987,1.0,1.4162938594818115,16.6,9861,8500,0,1361,2047,0.00735351,0,0,0,4,0,5,57,1085,0,0,0,0,0,0,0,896,0
neos-4972461-bolong,0,optimal,533.9999999999999,72.0,140.49691891670227,534,245028,7428,0,237600,341424,1.74124e-05,0,0,0,16750,0,234672,25,0,0,0,0,0,1165,1140,0,87672,0
neos-4763324-toguru,0,optimal,1613.0388458520722,2832.0,346.37778401374817,1613.03884585,53593,53592,0,1,106954,4.65467e-05,0,0,231,0,53361,53130,231,0,0,0,0,0,1,0,0,0,0
neos5,0,optimal,15.0,214614.0,109.77581906318665,15,63,53,0,10,63,0.507937,0,0,0,0,0,0,0,0,0,0,0,0,0,0,0,63,0
neos-503737,0,optimal,50.0,11826.0,117.1985821723938,50,2850,2500,0,350,500,0.0118246,0,0,0,0,0,0,150,0,0,0,0,0,0,0,0,350,0
neos-5052403-cygnet,0,optimal,182.0,1.0,99.89184784889221,182,32868,32868,0,0,38268,0.00389437,0,0,0,0,0,0,0,0,19134,0,0,0,0,19134,0,0,0
neos-5013590-toitoi,0,optimal,3772.4527506320096,3994.0,295.4618818759918,3772.4527499,27061,27060,0,1,53957,9.21014e-05,0,0,164,0,26896,26732,164,0,0,0,0,0,1,0,0,0,0
neos-4760493-puerua,0,optimal,2665.457736633773,7512.0,885.5336608886719,2665.4577364,53593,53592,0,1,106954,4.65467e-05,0,0,231,0,53361,53130,231,0,0,0,0,0,1,0,0,0,0
neos-5106984-jizera,0,optimal,820.9999986602936,3.0,54.48610210418701,821,470050,11410,0,458640,648984,9.1678e-06,0,0,0,44160,0,453166,40,0,0,0,0,0,1440,1400,0,148778,0
neos-5107597-kakapo,0,optimal,3644.99999999997,11895.0,70.79302597045898,3644.99999999952,3114,2976,0,138,6498,0.00095835,0,0,0,57,45,0,0,0,0,0,0,0,0,0,0,6396,0
neos-5108386-kalang,0,optimal,730.0,1.0,72.2506251335144,729.9999999999998,600880,12292,0,588588,849226,7.02745e-06,0,0,0,38640,0,579488,35,0,0,0,0,0,2289,2254,0,226520,0
neos-5100895-inster,0,optimal,3132.0,12854.0,541.0957179069519,3132,29400,56,0,29344,39760,0.000592986,0,0,0,29344,0,0,0,0,0,0,0,0,0,0,0,10416,0
neos-5049753-cuanza,0,optimal,562.0,977.0,860.144345998764,561.9999971689,242736,8304,0,234432,322248,1.84179e-05,0,0,0,0,0,233928,0,0,0,0,0,0,1152,1152,0,86016,0
neos-5118851-kowhai,0,optimal,1376.0,21.0,220.1639699935913,1376,613152,14112,0,599040,859504,6.91446e-06,0,0,0,60984,0,592144,36,0,0,0,0,0,1508,1472,0,203360,0
neos-4333464-siret,0,optimal,24.785813754717744,20129.0,1729.9298028945923,24.78581995155556,2731,1363,0,1368,2880,0.00352308,0,0,0,0,0,1363,0,0,0,1360,0,0,0,0,0,157,0
neos-5123665-limmat,0,optimal,730.0,5.0,227.47952699661255,730,655522,13426,0,642096,904358,6.59805e-06,0,0,0,46368,0,633584,42,0,0,0,0,0,2198,2156,0,220010,0
neos-5078479-escaut,0,optimal,9682.3381875596,87491.0,1189.0340361595154,9682.338178668055,3471,1330,0,2141,3442,0.000758505,0,0,0,37,0,2162,0,0,0,0,0,0,0,0,0,1243,0
neos-5118834-korana,0,optimal,757.0,21.0,1182.6388680934906,757,470050,11410,0,458640,649124,9.16674e-06,0,0,0,38640,0,453236,35,0,0,0,0,0,1505,1470,0,154238,0
neos-5178119-nalagi,0,optimal,22.73999999999999,8708.0,146.32740998268127,22.73999999763,4167,4068,0,99,6921,0.0025824,0,0,0,0,14,0,66,18,0,0,0,0,16,60,0,6747,0
neos-5182409-nasivi,0,optimal,302.0,13111.0,51.338621854782104,301.99999992,2005,1600,0,405,580,0.012799,0,0,0,80,4,0,20,80,0,0,0,0,0,76,0,320,0
neos-5192052-neckar,0,optimal,-11670000.0,1.0,0.001795053482055664,-11670000,180,24,0,156,57,0.0531189,0,0,0,0,0,0,0,0,0,0,0,0,0,1,0,56,0
neos-5116085-kenana,0,optimal,602.0,1070.0,1508.848716020584,602,509236,12376,0,496860,690242,8.62824e-06,0,0,0,0,0,492898,0,0,0,0,0,0,1960,1960,0,193424,0
neos-5140963-mincio,0,optimal,14393.0,4281162.0,1365.978217124939,14393,196,183,0,13,184,0.0231256,0,0,0,0,0,0,28,0,0,0,0,0,0,0,0,156,0
neos6,0,optimal,83.0,1.0,5.091645002365112,83,8786,8340,0,446,1036,0.0276794,0,0,0,0,0,0,0,550,48,0,10,0,0,30,0,398,0
neos-631517,0,optimal,11490666.666634,550.0,2.627268075942993,11490666.665,1090,859,0,231,351,0.00716955,0,0,0,7,0,0,160,0,0,0,0,0,0,0,0,184,0
neos-5193246-nerang,0,optimal,0.038219762999999955,3641.0,838.5660910606384,0.03821976217279999,14546,9792,0,4754,42256,0.000286004,0,0,0,2502,4752,19008,62,0,0,0,2,0,3126,3168,0,9636,0
neos-633273,0,optimal,6996841097.997799,1.0,0.22784113883972168,6996841097.99778,11154,11154,0,0,21781,0.000263063,0,0,0,10648,0,0,484,0,0,0,0,0,1,10648,0,0,0
mad,0,optimal,0.02680000000000006,12923110.0,5591.282716035843,0.0268,220,200,0,20,51,0.250267,0,0,0,0,0,0,20,1,0,0,0,0,0,9,0,21,0
neos-686190,0,optimal,6730.0,3629.0,30.521870136260986,6730,3660,3600,60,0,3664,0.0013486,0,0,0,0,59,2,120,0,60,0,0,0,0,0,0,0,3423
neos-691058,0,optimal,297.0,1.0,1.9404809474945068,296.999999999986,3006,1755,0,1251,2667,0.00384645,0,0,0,0,0,0,450,0,0,0,0,0,12,0,0,2205,0
neos-738098,0,optimal,-1099.0,1.0,5.024431943893433,-1099,9093,8946,0,147,25849,0.000431237,0,0,0,0,10675,2403,330,1410,0,5292,0,0,11,5562,9,157,0
neos-780889,0,optimal,3421500.0,1.0,4.621989965438843,3421500,182700,182700,0,0,73910,3.68212e-05,0,0,0,26600,0,0,579,0,0,0,0,0,46381,0,0,350,0
neos8,0,optimal,-3719.0,1.0,0.7078728675842285,-3719,23228,23224,4,0,46324,0.000291056,0,0,0,0,56,168,0,4,0,0,2268,0,12,20748,0,23064,4
neos-807639,0,optimal,454.19999999999993,1681.0,2.5747921466827393,454.1999999999998,1030,80,0,950,1541,0.00347776,0,0,0,170,0,180,0,20,0,0,0,0,0,0,0,1171,0
neos-820879,0,optimal,25468.0,878.0,12.050870895385742,25467.99999999995,9522,9522,0,0,361,0.0210494,0,0,0,0,0,0,72,0,133,0,2,0,138,0,0,16,0
neos-662469,0,optimal,184390.5,1110.0,102.53188586235046,184379.9999999999,18235,17907,328,0,1085,0.0101115,0,0,0,0,0,12,0,265,0,0,0,328,0,77,0,75,656
neos-831188,0,optimal,2.61377462,3975.0,161.9365680217743,2.613774619999999,4612,4612,0,0,2185,0.00111697,0,0,0,20,1058,0,1038,0,0,0,0,0,68,1,0,0,0
neos-850681,0,optimal,2472.0,1.0,1.000643014907837,2472,2594,2479,16,99,2067,0.00692175,0,0,0,90,0,1,354,1003,0,0,0,0,0,504,0,99,16
neos-860300,0,optimal,3200.999999998491,749.0,16.70304012298584,3200.999999999998,1385,1384,0,1,850,0.326463,0,0,0,0,0,0,19,16,0,0,0,0,0,304,0,511,0
neos-885086,0,optimal,-243.0,1.0,7.7824389934539795,-243,4860,2430,0,2430,11574,0.00441443,0,0,0,0,0,2475,0,855,0,0,0,0,0,0,0,8244,0
neos-885524,0,optimal,12320.092,1.0,0.8912899494171143,12320.092,91670,91670,0,0,65,0.043351,0,0,0,0,0,0,0,0,0,0,0,0,0,0,0,65,0
neos-911970,0,optimal,54.760000000000005,10207.0,12.877364873886108,54.76,888,840,0,48,107,0.0358676,0,0,0,0,0,0,35,0,24,0,0,0,0,0,0,48,0
neos-933562,0,optimal,18.0,1041.0,16.05368685722351,17.99999999999975,3032,3024,0,8,3200,0.00296834,0,0,0,1512,0,0,1056,56,0,0,0,0,0,0,0,576,0
neos-933638,0,optimal,276.0,1.0,8.747581005096436,275.9999999999998,32417,28637,0,3780,13658,0.00042275,0,0,0,0,4984,19,0,5357,0,0,0,0,0,55,0,3243,0
neos-933966,0,optimal,318.0,1.0,3.7236320972442627,318,31762,27982,0,3780,12047,0.000472035,0,0,0,0,3674,142,0,4933,0,0,0,0,0,55,0,3243,0
neos-848589,0,optimal,2351.4031,576.0,235.38520312309265,2351.40309999697,550539,747,0,549792,1484,0.00134771,0,0,0,0,0,0,0,0,0,0,0,0,1,0,0,1483,0
neos-948346,0,optimal,-227.6,1.0,69.13684105873108,-227.6,57855,57855,0,0,1570,0.0059499,0,0,0,0,0,0,0,645,45,186,120,0,0,274,0,300,0
neos-950242,0,optimal,4.0,1.0,14.729612827301025,4,5760,5520,240,0,34224,0.000528382,0,0,0,1248,2304,312,144,0,24,0,0,0,0,29952,0,0,240
neos-956971,0,optimal,-237.76666666670002,1.0,5.289842128753662,-237.7688889,57756,57756,0,0,2527,0.0033132,0,0,0,0,0,0,0,1893,0,137,0,0,0,377,0,120,0
neos-957143,0,optimal,-237.75999999980002,1.0,3.9787790775299072,-237.7688889,57756,57756,0,0,2767,0.00311416,0,0,0,0,0,0,0,2013,0,257,0,0,0,377,0,120,0
neos-935234,0,optimal,2432.0,325.0,109.0501708984375,2431.999999999996,10309,7530,0,2779,9568,0.00056035,0,0,0,0,4680,0,0,4079,0,0,0,0,0,52,0,757,0
neos-957323,0,optimal,-237.756681484,1.0,3.9564521312713623,-237.7566815,57756,57756,0,0,3757,0.00230268,0,0,0,0,0,990,0,2013,0,257,0,0,0,377,0,120,0
neos-960392,0,optimal,-238.0,4.0,50.148321866989136,-238,59376,59376,0,0,4744,0.00067276,0,0,0,0,171,279,0,1958,0,256,0,0,1575,384,0,121,0
neos-5195221-niemur,0,optimal,0.0038354963999999944,8896.0,1984.2403111457825,0.0038354326,14546,9792,0,4754,42256,0.000287293,0,0,0,2502,4752,19008,62,0,0,0,2,0,3126,3168,0,9636,0
netdiversion,0,optimal,242.0,173.0,869.7021911144257,242,129180,129180,0,0,119589,3.98279e-05,0,0,0,0,103,303,1,59597,39586,0,0,0,19999,0,0,0,0
nh97_potential,0,optimal,1417.9999999999973,558.0,7.760352849960327,1418,1180,630,328,222,1916,0.00254237,0,0,0,0,0,0,0,0,0,0,0,0,0,0,0,1260,656
nh97_tension,0,optimal,1418.0,666.0,0.9599959850311279,1418,1576,257,361,958,737,0.00453202,0,0,0,0,0,0,0,0,0,0,0,0,0,0,0,376,361
bppc4-08,0,optimal,53.0,1038407.0,12500.14783501625,53,1456,1454,0,2,111,0.148277,0,0,0,0,0,0,20,0,0,0,0,0,0,0,0,91,0
ns1208400,0,optimal,2.0000000001498295,348.0,12.944494009017944,2,2883,2880,0,3,4289,0.00661098,2304,0,1,0,0,229,336,0,492,0,0,0,0,396,0,531,0
noswot,0,optimal,-41.0,628767.0,148.42073917388916,-41.00000885,128,75,25,28,182,0.0315505,0,0,0,0,0,45,0,0,0,0,0,6,0,0,0,0,131
ns1644855,0,optimal,-1524.3333333333335,1.0,237.5249960422516,-1524.33333333333,30200,10000,0,20200,40698,0.0017173,0,0,20100,0,99,10199,200,0,0,0,0,0,0,0,0,20100,0
ns1830653,0,optimal,20622.0,5714.0,74.80715799331665,20622,1629,1458,0,171,2932,0.0211324,0,0,781,0,0,0,324,135,0,0,0,0,36,0,0,1656,0
ns1760995,0,optimal,-549.2143850500001,2629.0,2282.8591260910034,-549.21438505,17956,17822,0,134,615388,0.000167785,0,0,66,0,198,597303,132,17556,0,0,0,0,1,0,0,132,0
nsrand-ipx,0,optimal,51200.00000000012,5507.0,37.54639792442322,51200,6621,6620,0,1,735,0.0458777,0,0,0,0,0,0,0,331,0,0,0,0,0,0,0,404,0
nursesched-sprint02,0,optimal,58.0,1.0,8.843712091445923,57.99999999999999,10250,10230,20,0,3522,0.00565089,0,0,10,0,0,0,632,1410,320,0,0,0,360,690,0,80,20
nursesched-sprint-hidden09,0,optimal,338.0,1.0,13.589103937149048,338,11650,11630,20,0,4872,0.00366551,0,0,10,0,0,0,604,1410,320,0,0,0,388,2040,0,80,20
nw04,0,optimal,16862.0,25.0,2.420422077178955,16862,87482,87482,0,0,36,0.202158,0,0,0,0,0,0,36,0,0,0,0,0,0,0,0,0,0
opm2-z6-s1,0,optimal,-6202.0,426.0,10.384551048278809,-6202,1350,1350,0,0,15533,0.00199546,0,0,0,0,15525,0,0,0,0,0,8,0,0,0,0,0,0
neos-631710,0,optimal,203.0,10202.0,4218.217059850693,203,167056,167056,0,0,169576,2.9446e-05,0,0,0,0,167055,0,300,1665,0,556,0,0,0,0,0,0,0
opm2-z7-s8,0,optimal,-11242.0,601.0,25.13645601272583,-11242,2023,2023,0,0,31798,0.00123985,0,0,0,0,31790,0,0,0,0,0,8,0,0,0,0,0,0
opt1217,0,optimal,-16.0,1.0,0.05089306831359863,-16.00000000000012,769,768,0,1,64,0.0313313,0,0,0,0,0,0,48,0,0,0,0,0,0,0,0,16,0
p0201,0,optimal,7615.0,10.0,0.21137189865112305,7614.999999999997,201,201,0,0,133,0.0719336,0,0,0,0,0,0,0,26,0,0,33,0,0,74,0,0,0
ns2071214,0,optimal,507.0,172513.0,2188.2932868003845,507,2720,2220,0,500,6250,0.00126318,1,0,0,0,195,2940,344,50,211,0,0,0,157,0,0,2352,0
opm2-z8-s0,0,optimal,-15775.0,537.0,94.59797191619873,-15775,3200,3200,0,0,63608,0.000750657,0,0,0,0,63600,0,0,0,0,0,8,0,0,0,0,0,0
pigeon-08,0,optimal,-7000.0,2.0,0.06392192840576172,-7000,344,272,0,72,601,0.0250358,0,0,0,0,0,0,0,0,0,0,1,0,48,168,0,384,0
pigeon-10,0,optimal,-9000.0,2.0,0.10853791236877441,-9000,490,400,0,90,931,0.0178654,0,0,0,0,0,0,0,0,0,0,1,0,60,270,0,600,0
pigeon-13,0,optimal,-12000.0,2.0,0.1528019905090332,-12000,754,637,0,117,1561,0.0117851,0,0,0,0,0,0,0,0,0,0,1,0,78,468,0,1014,0
pigeon-16,0,optimal,-15000.0,2.0,0.20981693267822266,-15000,1072,928,0,144,2353,0.00836658,0,0,0,0,0,0,0,0,0,0,1,0,96,720,0,1536,0
pigeon-20,0,optimal,-19000.0,2.0,0.30010199546813965,-19000,1580,1400,0,180,3661,0.00572231,0,0,0,0,0,0,0,0,0,0,1,0,120,1140,0,2400,0
piperout-03,0,optimal,74982.0,1.0,0.9521279335021973,74981.99999999999,9526,9373,129,24,12246,0.000334892,0,0,0,49,3888,5831,46,19,0,0,0,0,14,2242,0,12,145
piperout-08,0,optimal,125055.0,1.0,1.9473040103912354,125054.9999999999,10399,10245,130,24,14589,0.000296346,0,0,0,49,4697,6762,46,19,0,0,0,1,14,2845,0,12,144
piperout-27,0,optimal,8124.0,1.0,2.0064339637756348,8123.999999999973,11659,11514,121,24,18442,0.000254224,0,0,0,45,6044,8160,46,19,0,0,0,3,12,3961,2,12,138
pk1,0,optimal,11.0,199738.0,39.46062684059143,11,86,55,0,31,45,0.236434,0,0,0,0,30,0,0,0,0,0,0,0,0,0,0,15,0
prod1,0,optimal,-56.0,38946.0,31.7537100315094,-56,250,149,0,101,208,0.102885,0,0,0,0,0,100,7,0,0,0,0,0,0,0,0,101,0
peg-solitaire-a3,0,optimal,1.0,594.0,237.53968405723572,1,4552,4552,0,0,4587,0.00135953,0,0,37,0,0,0,35,0,0,0,0,0,1295,0,0,3220,0
prod2,0,optimal,-62.0,70243.0,161.31571221351624,-62,301,200,0,101,211,0.165341,0,0,0,0,0,100,10,0,0,0,0,0,0,0,0,101,0
neos-5138690-middle,0,optimal,739.0,772.0,8135.377044916153,739,562786,12418,0,550368,776608,7.67385e-06,0,0,0,52992,0,543410,48,0,0,0,0,0,1728,1680,0,176750,0
pw-myciel4,0,optimal,10.0,87021.0,365.41908979415894,9.999999999999996,1059,1058,1,0,8164,0.0020564,0,0,0,0,506,7590,45,0,0,0,0,0,0,0,0,0,23
qap10,0,optimal,340.0,14.0,49.83145213127136,339.9999999983871,4150,4150,0,0,1820,0.00240964,0,0,0,0,0,0,1820,0,0,0,0,0,0,0,0,0,0
qiu,0,optimal,-132.87313694699978,4293.0,15.064185857772827,-132.87313695,840,48,0,792,1192,0.00342761,0,0,0,0,528,528,0,0,0,0,0,0,0,0,0,136,0
qnet1,0,optimal,16029.692680999999,1.0,0.8218631744384766,16029.69268099998,1541,1288,129,124,503,0.00596292,0,0,0,87,36,45,48,0,4,0,0,0,160,0,0,0,123
nexp-150-20-8-5,0,optimal,231.0,11909.0,5608.89510011673,231,20115,17880,0,2235,4620,0.00045695,0,0,0,0,0,0,0,2235,0,0,0,0,0,0,0,2385,0
rail01,0,optimal,-70.56996429999998,25.0,225.88360691070557,-70.5699643,117527,117527,0,0,46843,7.12195e-05,0,0,1,20791,0,1,14412,1321,0,0,12,0,10305,0,0,0,0
rail507,0,optimal,174.0,2581.0,183.31141710281372,174,63019,63009,0,10,509,0.0146174,0,0,8,0,0,3,0,0,496,0,0,0,0,1,0,1,0
railway_8_1_0,0,optimal,400.0,919.0,1.4097130298614502,400,1796,1177,0,619,2527,0.00156396,0,0,1,0,1026,0,0,0,426,0,0,0,0,0,0,1074,0
b2c1s1,0,optimal,25687.91,243065.0,18251.034882068634,25687.9,3872,288,0,3584,3904,0.000754683,0,0,0,16,0,2560,0,0,0,0,0,0,0,0,0,1328,0
rd-rplusc-21,0,optimal,165395.2752951887,13896.0,583.752857208252,165395.275295,622,457,0,165,125899,0.0108849,0,0,2,66,20,1169,44,0,0,0,0,0,0,0,0,124598,0
ran14x18-disj-8,0,optimal,3712.0000001071076,223719.0,974.0748689174652,3712,504,252,0,252,447,0.0456172,0,0,0,0,0,252,0,0,49,0,0,0,0,0,0,146,0
reblock166,0,optimal,-600052168.9065475,8259.0,45.33490800857544,-600052168.91,1660,1660,0,0,17024,0.00139569,0,0,0,0,17004,0,0,0,0,0,20,0,0,0,0,0,0
proteindesign122trx11p8,0,optimal,1747.0,6187.0,4054.5422899723053,1747,127326,127248,78,0,254,0.0155663,0,0,0,0,0,0,66,0,0,0,0,0,0,0,0,0,188
rentacar,0,optimal,30356760.980535343,6.0,0.6424741744995117,30356760.98379315,9557,55,0,9502,6803,0.000643562,19,0,1272,2131,294,104,0,0,0,0,0,0,0,0,0,2985,0
rlp1,0,optimal,15.0,1.0,0.0258328914642334,14.99999999990919,461,450,0,11,68,0.0266684,0,0,0,0,13,0,0,0,0,0,0,0,10,0,0,45,0
reblock420,0,optimal,-517792519.41774553,20276.0,244.00241494178772,-517793000,4200,4200,0,0,62800,0.000525743,0,0,0,0,62780,0,0,0,0,0,20,0,0,0,0,0,0
rmatr100-p10,0,optimal,423.0,1661.0,28.79772686958313,423,7359,100,0,7259,7260,0.00040948,0,0,0,0,0,0,0,0,0,0,0,0,1,0,0,7259,0
rmatr100-p5,0,optimal,976.0,1687.0,98.49693202972412,976,8784,100,0,8684,8685,0.000342802,0,0,0,0,0,0,0,0,0,0,0,0,1,0,0,8684,0
rocI-4-11,0,optimal,-6020203.0,7791.0,241.7765600681305,-6020203,6839,5192,1016,631,10883,0.000367908,0,0,671,484,1936,2596,1100,0,0,0,0,0,528,0,0,2948,620
reblock115,0,optimal,-36800603.23316173,275044.0,1026.523903131485,-36800603.2332,1150,1150,0,0,4735,0.00252036,0,0,0,0,4715,0,0,0,0,0,20,0,0,0,0,0,0
rococoC10-001000,0,optimal,11460.0,25809.0,299.95063400268555,11460,3117,2993,124,0,1293,0.00291568,0,0,552,0,205,0,66,0,0,0,0,0,264,0,0,0,206
roi2alpha3n4,0,optimal,-63.2084920771,13602.0,609.9782531261444,-63.20849503,6816,6642,0,174,1251,0.103064,0,0,0,0,0,913,0,0,0,162,0,0,2,0,0,174,0
roll3000,0,optimal,12889.999999999993,3615.0,24.235992908477783,12889.999992,1166,246,492,428,2295,0.0109814,1,0,587,0,1,65,0,31,119,0,0,238,0,0,0,81,1172
neos-983171,0,optimal,2360.0,15152.0,9837.576704025269,2360,8965,6557,0,2408,6711,0.000609849,0,0,0,0,3440,244,0,2062,0,0,0,0,0,54,0,911,0
s55,0,optimal,-22.15177315900681,1.0,6.64814019203186,-22.15177316,78141,78137,0,4,9892,0.000411273,40,0,39,270,0,0,65,18,18,0,2,0,9438,0,0,2,0
proteindesign121pgb11p9,0,optimal,1209.0,4625.0,6621.271106004715,1209,132672,132594,78,0,254,0.01557,0,0,0,0,0,0,66,0,0,0,0,0,0,0,0,0,188
satellites2-25,0,optimal,-19.0,748.0,1315.5807621479034,-19,35378,34324,0,1054,20916,0.000383353,0,0,0,640,20,1,11061,83,0,0,0,0,1859,4400,0,2852,0
satellites2-40,0,optimal,-19.0,869.0,1496.6413869857788,-19,35378,34324,0,1054,20916,0.000383353,0,0,0,640,20,1,11061,83,0,0,0,0,1859,4400,0,2852,0
satellites2-60-fs,0,optimal,-19.0,344.0,808.5287089347839,-19.0000000001,35378,34324,0,1054,16516,0.000214012,0,0,0,640,20,1,11061,83,0,0,0,0,1859,0,0,2852,0
sct2,0,optimal,-230.98916242413986,4153.0,20.664366006851196,-230.9891623,5885,2872,0,3013,2151,0.00186774,0,0,136,0,1504,0,0,0,0,0,4,0,0,1,0,506,0
savsched1,0,optimal,3217.7000000000007,164.0,285.13032388687134,3217.7,328575,252731,0,75844,295989,1.82049e-05,0,0,0,2,0,137729,0,119072,0,0,0,0,0,102,0,39084,0
rocII-5-11,0,optimal,-6.675504731538449,97832.0,4427.46328997612,-6.675504731538,11523,11341,0,182,26897,0.000978566,0,0,232,0,495,1069,55,1,0,0,0,0,715,0,0,24330,0
seymour1,0,optimal,410.76370139452496,1757.0,47.43009305000305,410.76370139,1372,451,0,921,4944,0.00494592,0,0,117,0,0,285,0,0,408,0,0,0,0,0,0,4134,0
snp-02-004-104,0,optimal,586832296.4269347,1.0,16.279760122299194,586803238.6567289,228350,167,167,228016,126512,1.60594e-05,0,0,21937,21681,0,1589,0,0,0,0,0,0,0,0,0,81054,251
sp97ar,0,optimal,660705645.76,100527.0,2410.859220981598,660705645.759,14101,14101,0,0,1761,0.0117175,0,0,22,0,0,52,0,1140,129,0,0,0,0,0,0,418,0
sp98ar,0,optimal,529740623.2011688,17474.0,414.45797204971313,529740623.2,15085,15085,0,0,1435,0.0196863,0,0,5,0,0,71,0,837,110,0,0,0,0,0,0,412,0
square23,0,optimal,13.0,430.0,47.55502891540527,13,11660,11638,22,0,7887,0.0097737,0,0,7315,0,0,0,529,0,0,0,0,0,0,0,0,0,43
square31,0,optimal,15.0,5160.0,1889.5997760295868,15,28860,28830,30,0,19435,0.00701951,0,0,18415,0,0,0,961,0,0,0,0,0,0,0,0,0,59
rmatr200-p5,0,optimal,4521.0,24272.0,10575.015867948532,4521,37816,200,0,37616,37617,7.947e-05,0,0,0,0,0,0,0,0,0,0,0,0,1,0,0,37616,0
rail02,0,optimal,-200.44990766666666,665.0,13594.334372997284,-200.4499077,270869,270869,0,0,95791,2.91453e-05,0,0,2,39086,0,0,31181,2700,0,0,3,0,22819,0,0,0,0
supportcase14,0,optimal,288.0,1.0,0.04774594306945801,288,304,304,0,0,234,0.015871,11,0,97,16,0,5,34,19,0,0,0,0,52,0,0,0,0
supportcase16,0,optimal,288.0,1.0,0.03324103355407715,288,319,319,0,0,130,0.0259465,0,0,6,16,0,1,36,17,0,0,0,0,54,0,0,0,0
supportcase17,0,optimal,1330.0,2575.0,12.375550031661987,1329.999999999999,1381,732,235,414,2108,0.00180444,0,0,0,602,367,540,4,0,0,0,0,0,46,0,0,184,365
supportcase18,0,optimal,48.0,145316.0,436.31809091567993,48,13410,13410,0,0,240,0.00898583,0,0,0,0,0,0,120,0,0,120,0,0,0,0,0,0,0
supportcase20,0,optimal,45591.999999999985,568.0,2.885089874267578,45592,903,300,0,603,903,0.0575846,0,0,300,1,0,300,0,0,0,0,0,0,0,0,0,302,0
supportcase26,0,optimal,1745.124182346033,85119.0,282.44237899780273,1745.123813,436,396,0,40,870,0.00656965,0,0,40,0,38,0,0,0,0,0,0,0,0,0,0,792,0
supportcase33,0,optimal,-345.0,1481.0,49.480340003967285,-345,20203,20102,101,0,20489,0.000511947,0,0,1,0,0,77,2,145,0,0,0,0,200,55,0,45,19964
supportcase12,0,optimal,-7559.011480155241,21003.0,789.933788061142,-7559.533053817,799616,0,200,799416,166781,1.75047e-05,6447,0,510,41642,2784,1625,0,0,0,0,0,1,0,0,0,112171,1601
supportcase34,0,optimal,84.0,1085.0,26.9283390045166,83.99999985999999,17879,11196,6682,1,15170,0.00276113,0,0,1948,0,0,2263,390,0,0,0,267,123,390,875,0,1675,7239
supportcase37,0,optimal,-1048.9601089861872,56.0,50.209774017333984,-1048.96,20047,1484,0,18563,59023,0.000114624,0,0,70,16,27298,23376,23,10,678,0,0,0,1,0,0,7551,0
supportcase6,0,optimal,51906.477370251785,2701.0,376.83174896240234,51906.47737,130052,130051,1,0,771,0.005834,0,0,0,0,0,0,57,0,0,0,0,0,713,0,0,0,1
supportcase7,0,optimal,-1132.223170830909,32.0,16.53139901161194,-1132.223177,138844,451,14,138379,6532,0.00313756,7,0,109,0,449,32,0,0,0,0,0,0,0,640,0,4711,584
swath1,0,optimal,379.07129574999993,1230.0,4.923167943954468,379.07129575,6805,2306,0,4499,884,0.00581237,0,0,401,0,0,0,0,0,0,0,0,0,0,0,0,483,0
swath2,0,optimal,385.1996929499999,1899.0,7.075506925582886,385.1996929499999,6805,2406,0,4399,884,0.00581237,0,0,401,0,0,0,0,0,0,0,0,0,0,0,0,483,0
swath3,0,optimal,397.76134364999984,12834.0,35.856661796569824,397.76134365,6805,2706,0,4099,884,0.00581237,0,0,401,0,0,0,0,0,0,0,0,0,0,0,0,483,0
supportcase42,0,optimal,7.758630722271628,74314.0,1036.1517980098724,7.75863072227,19466,0,1026,18440,18439,0.00121374,0,0,0,0,1,2053,0,0,0,0,0,0,0,0,0,0,16385
tanglegram4,0,optimal,10696.0,3.0,3.597221851348877,10696,56048,56048,0,0,110404,5.35255e-05,0,0,0,0,0,0,0,0,84761,0,0,0,0,25643,0,0,0
tanglegram6,0,optimal,1224.0,1.0,0.34847307205200195,1224,9182,9182,0,0,17712,0.000326726,0,0,0,0,0,0,0,0,14214,0,0,0,0,3498,0,0,0
tbfp-network,0,optimal,24.1631944445,252.0,226.25474786758423,24.16319444,72747,72747,0,0,2436,0.00121796,0,0,0,0,0,0,42,0,0,0,0,0,2394,0,0,0,0
timtab1,0,optimal,764771.99999978,32939.0,94.37261581420898,764771.99999978,397,77,94,226,171,0.0122115,0,0,0,0,0,0,0,0,0,0,0,0,0,0,0,77,94
timtab1CUTS,0,optimal,764771.9999998802,26585.0,81.23292088508606,764771.9999997859,397,77,94,226,371,0.0118272,0,0,0,0,6,33,0,1,0,0,0,0,0,2,0,221,108
toll-like,0,optimal,610.0,7363.0,510.3176209926605,610,2883,2883,0,0,4408,0.00104058,0,0,0,0,0,0,0,0,3253,0,0,0,0,1155,0,0,0
traininstance6,0,optimal,28290.0,11116.0,10.281168222427368,28290,10218,4154,2056,4008,12309,0.000260667,0,0,0,8051,82,25,14,0,0,0,2,0,9,10,0,4000,116
trento1,0,optimal,5189487.0,1690.0,221.0918140411377,5189487,7687,6415,0,1272,1265,0.00962263,0,0,0,0,0,0,0,0,0,0,0,0,0,0,0,1265,0
triptim1,0,optimal,22.8681,1.0,35.635091066360474,22.8680999999999,30055,20456,9592,7,15706,0.00109192,0,0,3,14,1,6,0,2049,4038,0,0,0,0,5,0,0,9590
uccase12,0,optimal,11507.942210559992,1.0,7.438582897186279,11507.4050616,62529,9072,0,53457,121161,5.53647e-05,38,0,6416,22041,2020,20214,0,0,0,0,0,0,0,0,0,70432,0
uccase8,0,optimal,11168.272123498607,1.0,69.67565512657166,11167.74532,37413,9576,0,27837,53709,0.00010681,24,0,4036,8685,1513,20718,0,0,0,0,0,0,0,0,0,18733,0
uccase9,0,optimal,10993.086829102835,31917.0,2477.4530971050262,10993.131409,33242,8064,0,25178,49565,0.000201692,28,0,5024,9014,1180,16086,0,0,0,0,0,0,0,0,0,18233,0
square37,0,optimal,15.0,3972.0,5692.841378927231,14.9999997973,49320,49284,36,0,33150,0.00579567,0,0,31710,0,0,0,1369,0,0,0,0,0,0,0,0,0,71
unitcal_7,0,optimal,19635558.24401948,84.0,36.7238130569458,19635558.244,25755,2856,0,22899,48939,0.000101232,0,0,908,0,13394,17182,0,0,0,0,0,0,0,0,0,17455,0
var-smallemery-m6j6,0,optimal,-149.375,352709.0,762.4217870235443,-149.37501,5608,5606,0,2,13416,0.0113059,0,0,0,0,13263,0,0,0,0,0,0,0,0,3,0,150,0
t11nonreg,0,optimal,1029039.5,1.0,5479.230729103088,1029039.499999974,4596905,4570985,8640,17280,27375,0.000372229,0,0,0,4,0,0,10095,0,0,0,0,0,0,0,0,8638,8638
wachplan,0,optimal,-8.0,38067.0,998.5996441841125,-8,3361,3360,1,0,1553,0.0171202,0,0,33,0,0,224,0,0,0,0,0,0,224,1036,0,28,8
uct-subprob,0,optimal,314.0,188575.0,3584.6833629608154,314,2256,379,0,1877,1973,0.00227967,0,0,20,131,0,91,0,6,0,0,0,0,0,0,0,1725,0
square41,0,optimal,14.999999999995739,5647.0,10678.501701116562,15,62234,62197,37,0,40160,0.00542805,0,0,38406,0,0,0,1681,0,0,0,0,0,0,0,0,0,73
seymour,0,optimal,423.0,412976.0,17563.72710299492,423,1372,1372,0,0,4944,0.00494592,0,0,117,0,0,285,0,0,4542,0,0,0,0,0,0,0,0
